,project_id,assay_name,analysis_run_name,sop_bioinformatics,trim_method,trim_param,demux_tool,demux_max_mismatch,merge_tool,merge_min_overlap,min_len_cutoff,min_len_tool,error_rate_tool,error_rate_type,error_rate_cutoff,chimera_check_method,chimera_check_param,otu_clust_tool,otu_clust_cutoff,min_reads_cutoff,min_reads_cutoff_unit,min_reads_tool,otu_db,otu_db_custom,tax_assign_cat,otu_seq_comp_appr,tax_class_id_cutoff,tax_class_query_cutoff,tax_class_collapse,tax_class_other,screen_contam_method,screen_geograph_method,screen_nontarget_method,screen_other,otu_raw_description,otu_final_description,bioinfo_method_additional,output_read_count,output_otu_num,otu_num_tax_assigned,discard_untrimmed,qiime2_version,asv_method,dada2_trunc_len_f,dada2pe_trunc_len_r,dada2_trim_left_f,dada2pe_trim_left_r,dada2_max_ee_f,dada2pe_max_ee_r,dada2_trunc_q,dada2_pooling_method,dada2_chimera_method,dada2_min_fold_parent_over_abundance,dada2_n_reads_learn,deblur_trim_length,deblur_mean_error,deblur_indel_prob,deblur_indel_max,deblur_min_reads,deblur_min_size,repseqs_min_abundance,repseqs_min_length,repseqs_max_length,repseqs_min_prevalence,skl_confidence,min_consensus,tourmaline_classify_method,blca_confidence
0,OME_eDNA_EcoFOCI_2020-2023,COI_1835-2198_lerayfolmer,COI_1835-2198_lerayfolmer_pmel_ome_run1_REVAMP,TBD_this_DOI (paste link when published),"Cutadapt, primer trimming | DADA2, filterAndTrim (quality and length trimming)","Cutadapt, -a ""GGWACWGGWTGAACWGTWTAYCCYCC;required...revcomp_TAAACTTCAGGGTGACCAAAAAATCA;optional"", -A ""TAAACTTCAGGGTGACCAAAAAATCA;required...revcomp_GGWACWGGWTGAACWGTWTAYCCYCC;optional"", --discard-untrimmed, -m 1 | DADA2, trunQ = 2, trimRight = 25, trimLeft = 0",pheniqs v2.1.0 | Cutadapt v3.4,pheniqs 0 | Cutadapt 0.3,"DADA2, mergePairs",20,100,DADA2,DADA2,expected error rate,2 | 2,"DADA2, removeBimeraDenovo, consensus",not applicable,"DADA2, pool=""pseudo""",100,,reads,DADA2 | decontam_workflow,32000,not applicable,sequence similarity,blastn >2.14.1+,32000,32000,32000,not applicable,,not applicable,,,No filtering outside of DADA2 default ASV denoising,this_DOI (link to decontamination screening section),this_DOI (paste link when published),,,,1,,dada2pe,not applicable,not applicable,0,0,2,2,2,pseudo,"removeBimeraDenovo, consensus",not applicable,32000,,,,,,,,,,,,,,
2,OME_eDNA_EcoFOCI_2020-2023,COI_1835-2198_lerayfolmer,COI_1835-2198_lerayfolmer_pmel_ome_run2_REVAMP,TBD_this_DOI (paste link when published),"Cutadapt, primer trimming | DADA2, filterAndTrim (quality and length trimming)","Cutadapt, -a ""GGWACWGGWTGAACWGTWTAYCCYCC;required...revcomp_TAAACTTCAGGGTGACCAAAAAATCA;optional"", -A ""TAAACTTCAGGGTGACCAAAAAATCA;required...revcomp_GGWACWGGWTGAACWGTWTAYCCYCC;optional"", --discard-untrimmed, -m 1 | DADA2, trunQ = 2, trimRight = 25, trimLeft = 0",pheniqs v2.1.0 | Cutadapt v3.4,pheniqs 0 | Cutadapt 0.3,"DADA2, mergePairs",20,100,DADA2,DADA2,expected error rate,2 | 2,"DADA2, removeBimeraDenovo, consensus",not applicable,"DADA2, pool=""pseudo""",100,,reads,DADA2 | decontam_workflow,320000,not applicable,sequence similarity,blastn >2.14.1+,320000,320000,320000,not applicable,,not applicable,,,No filtering outside of DADA2 default ASV denoising,this_DOI (link to decontamination screening section),this_DOI (paste link when published),,,,1,,dada2pe,not applicable,not applicable,0,0,2,2,2,pseudo,"removeBimeraDenovo, consensus",not applicable,320000,,,,,,,,,,,,,,
4,OME_eDNA_EcoFOCI_2020-2023,COI_1835-2198_lerayfolmer,COI_1835-2198_lerayfolmer_pmel_ome_run3_REVAMP,TBD_this_DOI (paste link when published),"Cutadapt, primer trimming | DADA2, filterAndTrim (quality and length trimming)","Cutadapt, -a ""GGWACWGGWTGAACWGTWTAYCCYCC;required...revcomp_TAAACTTCAGGGTGACCAAAAAATCA;optional"", -A ""TAAACTTCAGGGTGACCAAAAAATCA;required...revcomp_GGWACWGGWTGAACWGTWTAYCCYCC;optional"", --discard-untrimmed, -m 1 | DADA2, trunQ = 2, trimRight = 25, trimLeft = 0",pheniqs v2.1.0 | Cutadapt v3.4,pheniqs 0 | Cutadapt 0.3,"DADA2, mergePairs",20,100,DADA2,DADA2,expected error rate,2 | 2,"DADA2, removeBimeraDenovo, consensus",not applicable,"DADA2, pool=""pseudo""",100,,reads,DADA2 | decontam_workflow,320000,not applicable,sequence similarity,blastn >2.14.1+,320000,320000,320000,not applicable,,not applicable,,,No filtering outside of DADA2 default ASV denoising,this_DOI (link to decontamination screening section),this_DOI (paste link when published),,,,1,,dada2pe,not applicable,not applicable,0,0,2,2,2,pseudo,"removeBimeraDenovo, consensus",not applicable,320000,,,,,,,,,,,,,,
6,OME_eDNA_EcoFOCI_2020-2023,COI_1835-2198_lerayfolmer,COI_1835-2198_lerayfolmer_pmel_ome_run4_REVAMP,TBD_this_DOI (paste link when published),"Cutadapt, primer trimming | DADA2, filterAndTrim (quality and length trimming)","Cutadapt, -a ""GGWACWGGWTGAACWGTWTAYCCYCC;required...revcomp_TAAACTTCAGGGTGACCAAAAAATCA;optional"", -A ""TAAACTTCAGGGTGACCAAAAAATCA;required...revcomp_GGWACWGGWTGAACWGTWTAYCCYCC;optional"", --discard-untrimmed, -m 1 | DADA2, trunQ = 2, trimRight = 15, trimLeft = 0",pheniqs v2.1.0 | Cutadapt v3.4,pheniqs 0 | Cutadapt 0.3,"DADA2, mergePairs",20,100,DADA2,DADA2,expected error rate,2 | 2,"DADA2, removeBimeraDenovo, consensus",not applicable,"DADA2, pool=""pseudo""",100,,reads,DADA2 | decontam_workflow,320000,not applicable,sequence similarity,blastn >2.14.1+,320000,320000,320000,not applicable,,not applicable,,,No filtering outside of DADA2 default ASV denoising,this_DOI (link to decontamination screening section),this_DOI (paste link when published),,,,1,,dada2pe,not applicable,not applicable,0,0,2,2,2,pseudo,"removeBimeraDenovo, consensus",not applicable,320000,,,,,,,,,,,,,,
8,OME_eDNA_EcoFOCI_2020-2023,COI_1835-2198_lerayfolmer,COI_1835-2198_lerayfolmer_pmel_ome_run5_REVAMP,TBD_this_DOI (paste link when published),"Cutadapt, primer trimming | DADA2, filterAndTrim (quality and length trimming)","Cutadapt, -a ""GGWACWGGWTGAACWGTWTAYCCYCC;required...revcomp_TAAACTTCAGGGTGACCAAAAAATCA;optional"", -A ""TAAACTTCAGGGTGACCAAAAAATCA;required...revcomp_GGWACWGGWTGAACWGTWTAYCCYCC;optional"", --discard-untrimmed, -m 1 | DADA2, trunQ = 2, trimRight = 10, trimLeft = 0",pheniqs v2.1.0 | Cutadapt v3.4,pheniqs 0 | Cutadapt 0.3,"DADA2, mergePairs",20,100,DADA2,DADA2,expected error rate,2 | 2,"DADA2, removeBimeraDenovo, consensus",not applicable,"DADA2, pool=""pseudo""",100,,reads,DADA2 | decontam_workflow,320000,not applicable,sequence similarity,blastn >2.14.1+,320000,320000,320000,not applicable,,not applicable,,,No filtering outside of DADA2 default ASV denoising,this_DOI (link to decontamination screening section),this_DOI (paste link when published),,,,1,,dada2pe,not applicable,not applicable,0,0,2,2,2,pseudo,"removeBimeraDenovo, consensus",not applicable,320000,,,,,,,,,,,,,,
11,OME_eDNA_EcoFOCI_2020-2023,ITS1_sterling,ITS1_sterling_pmel_ome_run2_scikit-learn-ITS1,TBD_this_DOI (paste link when published),"Cutadapt, primer trimming | DADA2, filterAndTrim (quality and length trimming)","Cutadapt, -a ""TCCGTAGGTGAACCTGCGG;required...revcomp_CATCCACCGCTGAAAGTTGTAA;optional"", -A ""CATCCACCGCTGAAAGTTGTAA;required...revcomp_TCCGTAGGTGAACCTGCGG;optional"", --discard-untrimmed, -m 1 | DADA2, trunQ = 2, trimRight = 25, trimLeft = 0",pheniqs v2.1.0 | Cutadapt v3.4,pheniqs 0 | Cutadapt 0.3,"DADA2, mergePairs",20,100,DADA2,DADA2,expected error rate,2 | 2,"DADA2, removeBimeraDenovo, consensus",not applicable,"DADA2, pool=""pseudo""",100,,reads,DADA2 | decontam_workflow,320000,rCRUX-version,probabilistic,,,,,not applicable,,not applicable,,,No filtering outside of DADA2 default ASV denoising,this_DOI (link to decontamination screening section),this_DOI (paste link when published),,,,1,,dada2pe,not applicable,not applicable,0,0,2,2,2,pseudo,"removeBimeraDenovo, consensus",not applicable,320000,,,,,,,,,,,,,,
13,OME_eDNA_EcoFOCI_2020-2023,ITS1_sterling,ITS1_sterling_pmel_ome_run4_scikit-learn-ITS1,TBD_this_DOI (paste link when published),"Cutadapt, primer trimming | DADA2, filterAndTrim (quality and length trimming)","Cutadapt, -a ""TCCGTAGGTGAACCTGCGG;required...revcomp_CATCCACCGCTGAAAGTTGTAA;optional"", -A ""CATCCACCGCTGAAAGTTGTAA;required...revcomp_TCCGTAGGTGAACCTGCGG;optional"", --discard-untrimmed, -m 1 | DADA2, trunQ = 2, trimRight = 10, trimLeft = 0",pheniqs v2.1.0 | Cutadapt v3.4,pheniqs 0 | Cutadapt 0.3,"DADA2, mergePairs",20,100,DADA2,DADA2,expected error rate,2 | 2,"DADA2, removeBimeraDenovo, consensus",not applicable,"DADA2, pool=""pseudo""",100,,reads,DADA2 | decontam_workflow,320000,rCRUX-version,probabilistic,,,,,not applicable,,not applicable,,,No filtering outside of DADA2 default ASV denoising,this_DOI (link to decontamination screening section),this_DOI (paste link when published),,,,1,,dada2pe,not applicable,not applicable,0,0,2,2,2,pseudo,"removeBimeraDenovo, consensus",not applicable,320000,,,,,,,,,,,,,,
15,OME_eDNA_EcoFOCI_2020-2023,ITS1_sterling,ITS1_sterling_pmel_ome_run5_scikit-learn-ITS1,TBD_this_DOI (paste link when published),"Cutadapt, primer trimming | DADA2, filterAndTrim (quality and length trimming)","Cutadapt, -a ""TCCGTAGGTGAACCTGCGG;required...revcomp_CATCCACCGCTGAAAGTTGTAA;optional"", -A ""CATCCACCGCTGAAAGTTGTAA;required...revcomp_TCCGTAGGTGAACCTGCGG;optional"", --discard-untrimmed, -m 1 | DADA2, trunQ = 2, trimRight = 10, trimLeft = 0",pheniqs v2.1.0 | Cutadapt v3.4,pheniqs 0 | Cutadapt 0.3,"DADA2, mergePairs",20,100,DADA2,DADA2,expected error rate,2 | 2,"DADA2, removeBimeraDenovo, consensus",not applicable,"DADA2, pool=""pseudo""",100,,reads,DADA2 | decontam_workflow,320000,rCRUX-version,probabilistic,,,,,not applicable,,not applicable,,,No filtering outside of DADA2 default ASV denoising,this_DOI (link to decontamination screening section),this_DOI (paste link when published),,,,1,,dada2pe,not applicable,not applicable,0,0,2,2,2,pseudo,"removeBimeraDenovo, consensus",not applicable,320000,,,,,,,,,,,,,,
16,OME_eDNA_EcoFOCI_2020-2023,lsu16s_2051-2438_mideca_komai,lsu16s_2051-2438_mideca_komai_pmel_ome_run5_REVAMP,TBD_this_DOI (paste link when published),"Cutadapt, primer trimming | DADA2, filterAndTrim (quality and length trimming)","Cutadapt, -a ""GGACGATAAGACCCTATAAA;required...revcomp_ACGCTGTTATCCCTAAAGT;optional"", -A ""ACGCTGTTATCCCTAAAGT;required...revcomp_GGACGATAAGACCCTATAAA;optional"", --discard-untrimmed, -m 1 | DADA2, trunQ = 2, trimRight = 40, trimLeft = 0",pheniqs v2.1.0 | Cutadapt v3.4,pheniqs 0 | Cutadapt 0.3,"DADA2, mergePairs",20,70,DADA2,DADA2,expected error rate,2 | 2,"DADA2, removeBimeraDenovo, consensus",not applicable,"DADA2, pool=""pseudo""",100,,reads,DADA2 | decontam_workflow,320000,not applicable,sequence similarity,blastn >2.14.1+,320000,320000,320000,not applicable,,not applicable,,,No filtering outside of DADA2 default ASV denoising,this_DOI (link to decontamination screening section),this_DOI (paste link when published),,,,1,,dada2pe,not applicable,not applicable,0,0,2,2,2,pseudo,"removeBimeraDenovo, consensus",not applicable,320000,,,,,,,,,,,,,,
18,OME_eDNA_EcoFOCI_2020-2023,lsu16s_2434-2571_kelly,lsu16s_2434-2571_kelly_pmel_ome_run1_REVAMP,TBD_this_DOI (paste link when published),"Cutadapt, primer trimming | DADA2, filterAndTrim (quality and length trimming)","Cutadapt, -a ""AGTTACYYTAGGGATAACAGCG;required...revcomp_CCGGTCTGAACTCAGATCAYGT;optional"", -A ""CCGGTCTGAACTCAGATCAYGT;required...revcomp_AGTTACYYTAGGGATAACAGCG;optional"", --discard-untrimmed, -m 1 | DADA2, trunQ = 2, trimRight = 0, trimLeft = 0",pheniqs v2.1.0 | Cutadapt v3.4,pheniqs 0 | Cutadapt 0.3,"DADA2, mergePairs",20,60,DADA2,DADA2,expected error rate,2 | 2,"DADA2, removeBimeraDenovo, consensus",not applicable,"DADA2, pool=""pseudo""",100,,reads,DADA2 | decontam_workflow,32000,not applicable,sequence similarity,blastn >2.14.1+,32000,32000,32000,not applicable,,not applicable,,,No filtering outside of DADA2 default ASV denoising,this_DOI (link to decontamination screening section),this_DOI (paste link when published),,,,1,,dada2pe,not applicable,not applicable,0,0,2,2,2,pseudo,"removeBimeraDenovo, consensus",not applicable,32000,,,,,,,,,,,,,,
20,OME_eDNA_EcoFOCI_2020-2023,lsu16s_2434-2571_kelly,lsu16s_2434-2571_kelly_pmel_ome_run2_REVAMP,TBD_this_DOI (paste link when published),"Cutadapt, primer trimming | DADA2, filterAndTrim (quality and length trimming)","Cutadapt, -a ""AGTTACYYTAGGGATAACAGCG;required...revcomp_CCGGTCTGAACTCAGATCAYGT;optional"", -A ""CCGGTCTGAACTCAGATCAYGT;required...revcomp_AGTTACYYTAGGGATAACAGCG;optional"", --discard-untrimmed, -m 1 | DADA2, trunQ = 2, trimRight = 40, trimLeft = 0",pheniqs v2.1.0 | Cutadapt v3.4,pheniqs 0 | Cutadapt 0.3,"DADA2, mergePairs",20,60,DADA2,DADA2,expected error rate,2 | 2,"DADA2, removeBimeraDenovo, consensus",not applicable,"DADA2, pool=""pseudo""",100,,reads,DADA2 | decontam_workflow,320000,not applicable,sequence similarity,blastn >2.14.1+,320000,320000,320000,not applicable,,not applicable,,,No filtering outside of DADA2 default ASV denoising,this_DOI (link to decontamination screening section),this_DOI (paste link when published),,,,1,,dada2pe,not applicable,not applicable,0,0,2,2,2,pseudo,"removeBimeraDenovo, consensus",not applicable,320000,,,,,,,,,,,,,,
22,OME_eDNA_EcoFOCI_2020-2023,lsu16s_2434-2571_kelly,lsu16s_2434-2571_kelly_pmel_ome_run3_REVAMP,TBD_this_DOI (paste link when published),"Cutadapt, primer trimming | DADA2, filterAndTrim (quality and length trimming)","Cutadapt, -a ""AGTTACYYTAGGGATAACAGCG;required...revcomp_CCGGTCTGAACTCAGATCAYGT;optional"", -A ""CCGGTCTGAACTCAGATCAYGT;required...revcomp_AGTTACYYTAGGGATAACAGCG;optional"", --discard-untrimmed, -m 1 | DADA2, trunQ = 2, trimRight = 40, trimLeft = 0",pheniqs v2.1.0 | Cutadapt v3.4,pheniqs 0 | Cutadapt 0.3,"DADA2, mergePairs",20,40,DADA2,DADA2,expected error rate,2 | 2,"DADA2, removeBimeraDenovo, consensus",not applicable,"DADA2, pool=""pseudo""",100,,reads,DADA2 | decontam_workflow,320000,not applicable,sequence similarity,blastn >2.14.1+,320000,320000,320000,not applicable,,not applicable,,,No filtering outside of DADA2 default ASV denoising,this_DOI (link to decontamination screening section),this_DOI (paste link when published),,,,1,,dada2pe,not applicable,not applicable,0,0,2,2,2,pseudo,"removeBimeraDenovo, consensus",not applicable,320000,,,,,,,,,,,,,,
24,OME_eDNA_EcoFOCI_2020-2023,lsu16s_2434-2571_kelly,lsu16s_2434-2571_kelly_pmel_ome_run5_REVAMP,TBD_this_DOI (paste link when published),"Cutadapt, primer trimming | DADA2, filterAndTrim (quality and length trimming)","Cutadapt, -a ""AGTTACYYTAGGGATAACAGCG;required...revcomp_CCGGTCTGAACTCAGATCAYGT;optional"", -A ""CCGGTCTGAACTCAGATCAYGT;required...revcomp_AGTTACYYTAGGGATAACAGCG;optional"", --discard-untrimmed, -m 1 | DADA2, trunQ = 2, trimRight = 40, trimLeft = 0",pheniqs v2.1.0 | Cutadapt v3.4,pheniqs 0 | Cutadapt 0.3,"DADA2, mergePairs",20,40,DADA2,DADA2,expected error rate,2 | 2,"DADA2, removeBimeraDenovo, consensus",not applicable,"DADA2, pool=""pseudo""",100,,reads,DADA2 | decontam_workflow,320000,not applicable,sequence similarity,blastn >2.14.1+,320000,320000,320000,not applicable,,not applicable,,,No filtering outside of DADA2 default ASV denoising,this_DOI (link to decontamination screening section),this_DOI (paste link when published),,,,1,,dada2pe,not applicable,not applicable,0,0,2,2,2,pseudo,"removeBimeraDenovo, consensus",not applicable,320000,,,,,,,,,,,,,,
27,OME_eDNA_EcoFOCI_2020-2023,ssu12sv5v6_mifish_u_sales,ssu12sv5v6_mifish_u_sales_pmel_ome_run2_Anacapa,TBD_this_DOI (paste link when published),"Cutadapt, primer trimming | DADA2, filterAndTrim (quality and length trimming)","Cutadapt, -a ""GCCGGTAAAACTCGTGCCAGC;required...revcomp_CATAGTGGGGTATCTAATCCCAGTTTG;optional"", -A ""CATAGTGGGGTATCTAATCCCAGTTTG;required...revcomp_GCCGGTAAAACTCGTGCCAGC;optional"", --discard-untrimmed, -m 1 | DADA2, trunQ = 2, trimRight = 25, trimLeft = 0",pheniqs v2.1.0 | Cutadapt v3.4,pheniqs 0 | Cutadapt 0.3,"DADA2, mergePairs",20,100,DADA2,DADA2,expected error rate,2 | 2,"DADA2, removeBimeraDenovo, consensus",not applicable,"DADA2, pool=""pseudo""",100,,reads,DADA2 | decontam_workflow,320000,rCRUX-version,probabilistic,,,,,not applicable,,not applicable,,,No filtering outside of DADA2 default ASV denoising,this_DOI (link to decontamination screening section),this_DOI (paste link when published),,,,1,,dada2pe,not applicable,not applicable,0,0,2,2,2,pseudo,"removeBimeraDenovo, consensus",not applicable,320000,,,,,,,,,,,,,,
29,OME_eDNA_EcoFOCI_2020-2023,ssu12sv5v6_mifish_u_sales,ssu12sv5v6_mifish_u_sales_pmel_ome_run3_Anacapa,TBD_this_DOI (paste link when published),"Cutadapt, primer trimming | DADA2, filterAndTrim (quality and length trimming)","Cutadapt, -a ""GCCGGTAAAACTCGTGCCAGC;required...revcomp_CATAGTGGGGTATCTAATCCCAGTTTG;optional"", -A ""CATAGTGGGGTATCTAATCCCAGTTTG;required...revcomp_GCCGGTAAAACTCGTGCCAGC;optional"", --discard-untrimmed, -m 1 | DADA2, trunQ = 2, trimRight = 25, trimLeft = 0",pheniqs v2.1.0 | Cutadapt v3.4,pheniqs 0 | Cutadapt 0.3,"DADA2, mergePairs",20,100,DADA2,DADA2,expected error rate,2 | 2,"DADA2, removeBimeraDenovo, consensus",not applicable,"DADA2, pool=""pseudo""",100,,reads,DADA2 | decontam_workflow,320000,rCRUX-version,probabilistic,,,,,not applicable,,not applicable,,,No filtering outside of DADA2 default ASV denoising,this_DOI (link to decontamination screening section),this_DOI (paste link when published),,,,1,,dada2pe,not applicable,not applicable,0,0,2,2,2,pseudo,"removeBimeraDenovo, consensus",not applicable,320000,,,,,,,,,,,,,,
31,OME_eDNA_EcoFOCI_2020-2023,ssu12sv5v6_mifish_u_sales,ssu12sv5v6_mifish_u_sales_pmel_ome_run4_Anacapa,TBD_this_DOI (paste link when published),"Cutadapt, primer trimming | DADA2, filterAndTrim (quality and length trimming)","Cutadapt, -a ""GCCGGTAAAACTCGTGCCAGC;required...revcomp_CATAGTGGGGTATCTAATCCCAGTTTG;optional"", -A ""CATAGTGGGGTATCTAATCCCAGTTTG;required...revcomp_GCCGGTAAAACTCGTGCCAGC;optional"", --discard-untrimmed, -m 1 | DADA2, trunQ = 2, trimRight = 10, trimLeft = 0",pheniqs v2.1.0 | Cutadapt v3.4,pheniqs 0 | Cutadapt 0.3,"DADA2, mergePairs",20,100,DADA2,DADA2,expected error rate,2 | 2,"DADA2, removeBimeraDenovo, consensus",not applicable,"DADA2, pool=""pseudo""",100,,reads,DADA2 | decontam_workflow,320000,rCRUX-version,probabilistic,,,,,not applicable,,not applicable,,,No filtering outside of DADA2 default ASV denoising,this_DOI (link to decontamination screening section),this_DOI (paste link when published),,,,1,,dada2pe,not applicable,not applicable,0,0,2,2,2,pseudo,"removeBimeraDenovo, consensus",not applicable,320000,,,,,,,,,,,,,,
33,OME_eDNA_EcoFOCI_2020-2023,ssu12sv5v6_mifish_u_sales,ssu12sv5v6_mifish_u_sales_pmel_ome_run5_Anacapa,TBD_this_DOI (paste link when published),"Cutadapt, primer trimming | DADA2, filterAndTrim (quality and length trimming)","Cutadapt, -a ""GCCGGTAAAACTCGTGCCAGC;required...revcomp_CATAGTGGGGTATCTAATCCCAGTTTG;optional"", -A ""CATAGTGGGGTATCTAATCCCAGTTTG;required...revcomp_GCCGGTAAAACTCGTGCCAGC;optional"", --discard-untrimmed, -m 1 | DADA2, trunQ = 2, trimRight = 10, trimLeft = 0",pheniqs v2.1.0 | Cutadapt v3.4,pheniqs 0 | Cutadapt 0.3,"DADA2, mergePairs",20,100,DADA2,DADA2,expected error rate,2 | 2,"DADA2, removeBimeraDenovo, consensus",not applicable,"DADA2, pool=""pseudo""",100,,reads,DADA2 | decontam_workflow,320000,rCRUX-version,probabilistic,,,,,not applicable,,not applicable,,,No filtering outside of DADA2 default ASV denoising,this_DOI (link to decontamination screening section),this_DOI (paste link when published),,,,1,,dada2pe,not applicable,not applicable,0,0,2,2,2,pseudo,"removeBimeraDenovo, consensus",not applicable,320000,,,,,,,,,,,,,,
34,OME_eDNA_EcoFOCI_2020-2023,ssu12sv5v6_mifish_u_sales_2xRSA,ssu12sv5v6_mifish_u_sales_2xRSA_pmel_ome_run1_REVAMP,TBD_this_DOI (paste link when published),"Cutadapt, primer trimming | DADA2, filterAndTrim (quality and length trimming)","Cutadapt, -a ""GCCGGTAAAACTCGTGCCAGC;required...revcomp_CATAGTGGGGTATCTAATCCCAGTTTG;optional"", -A ""CATAGTGGGGTATCTAATCCCAGTTTG;required...revcomp_GCCGGTAAAACTCGTGCCAGC;optional"", --discard-untrimmed, -m 1 | DADA2, trunQ = 2, trimRight = 20, trimLeft = 0",pheniqs v2.1.0 | Cutadapt v3.4,pheniqs 0 | Cutadapt 0.3,"DADA2, mergePairs",20,100,DADA2,DADA2,expected error rate,2 | 2,"DADA2, removeBimeraDenovo, consensus",not applicable,"DADA2, pool=""pseudo""",100,,reads,DADA2 | decontam_workflow,32000,not applicable,sequence similarity,blastn >2.14.1+,32000,32000,32000,not applicable,,not applicable,,,No filtering outside of DADA2 default ASV denoising,this_DOI (link to decontamination screening section),this_DOI (paste link when published),,,,1,,dada2pe,not applicable,not applicable,0,0,2,2,2,pseudo,"removeBimeraDenovo, consensus",not applicable,32000,,,,,,,,,,,,,,
35,OME_eDNA_EcoFOCI_2020-2023,ssu12sv5v6_mifish_u_sales_2xRSA,ssu12sv5v6_mifish_u_sales_2xRSA_pmel_ome_run1_Anacapa,TBD_this_DOI (paste link when published),"Cutadapt, primer trimming | DADA2, filterAndTrim (quality and length trimming)","Cutadapt, -a ""GCCGGTAAAACTCGTGCCAGC;required...revcomp_CATAGTGGGGTATCTAATCCCAGTTTG;optional"", -A ""CATAGTGGGGTATCTAATCCCAGTTTG;required...revcomp_GCCGGTAAAACTCGTGCCAGC;optional"", --discard-untrimmed, -m 1 | DADA2, trunQ = 2, trimRight = 20, trimLeft = 0",pheniqs v2.1.0 | Cutadapt v3.4,pheniqs 0 | Cutadapt 0.3,"DADA2, mergePairs",20,100,DADA2,DADA2,expected error rate,2 | 2,"DADA2, removeBimeraDenovo, consensus",not applicable,"DADA2, pool=""pseudo""",100,,reads,DADA2 | decontam_workflow,32000,rCRUX-version,probabilistic,,,,,not applicable,,not applicable,,,No filtering outside of DADA2 default ASV denoising,this_DOI (link to decontamination screening section),this_DOI (paste link when published),,,,1,,dada2pe,not applicable,not applicable,0,0,2,2,2,pseudo,"removeBimeraDenovo, consensus",not applicable,32000,,,,,,,,,,,,,,
36,OME_eDNA_EcoFOCI_2020-2023,ssu12sv5v6_mifish_u_sales_2xRSA,ssu12sv5v6_mifish_u_sales_2xRSA_pmel_ome_run2_REVAMP,TBD_this_DOI (paste link when published),"Cutadapt, primer trimming | DADA2, filterAndTrim (quality and length trimming)","Cutadapt, -a ""GCCGGTAAAACTCGTGCCAGC;required...revcomp_CATAGTGGGGTATCTAATCCCAGTTTG;optional"", -A ""CATAGTGGGGTATCTAATCCCAGTTTG;required...revcomp_GCCGGTAAAACTCGTGCCAGC;optional"", --discard-untrimmed, -m 1 | DADA2, trunQ = 2, trimRight = 25, trimLeft = 0",pheniqs v2.1.0 | Cutadapt v3.4,pheniqs 0 | Cutadapt 0.3,"DADA2, mergePairs",20,100,DADA2,DADA2,expected error rate,2 | 2,"DADA2, removeBimeraDenovo, consensus",not applicable,"DADA2, pool=""pseudo""",100,,reads,DADA2 | decontam_workflow,320000,not applicable,sequence similarity,blastn >2.14.1+,320000,320000,320000,not applicable,,not applicable,,,No filtering outside of DADA2 default ASV denoising,this_DOI (link to decontamination screening section),this_DOI (paste link when published),,,,1,,dada2pe,not applicable,not applicable,0,0,2,2,2,pseudo,"removeBimeraDenovo, consensus",not applicable,320000,,,,,,,,,,,,,,
37,OME_eDNA_EcoFOCI_2020-2023,ssu12sv5v6_mifish_u_sales_2xRSA,ssu12sv5v6_mifish_u_sales_2xRSA_pmel_ome_run2_Anacapa,TBD_this_DOI (paste link when published),"Cutadapt, primer trimming | DADA2, filterAndTrim (quality and length trimming)","Cutadapt, -a ""GCCGGTAAAACTCGTGCCAGC;required...revcomp_CATAGTGGGGTATCTAATCCCAGTTTG;optional"", -A ""CATAGTGGGGTATCTAATCCCAGTTTG;required...revcomp_GCCGGTAAAACTCGTGCCAGC;optional"", --discard-untrimmed, -m 1 | DADA2, trunQ = 2, trimRight = 25, trimLeft = 0",pheniqs v2.1.0 | Cutadapt v3.4,pheniqs 0 | Cutadapt 0.3,"DADA2, mergePairs",20,100,DADA2,DADA2,expected error rate,2 | 2,"DADA2, removeBimeraDenovo, consensus",not applicable,"DADA2, pool=""pseudo""",100,,reads,DADA2 | decontam_workflow,320000,rCRUX-version,probabilistic,,,,,not applicable,,not applicable,,,No filtering outside of DADA2 default ASV denoising,this_DOI (link to decontamination screening section),this_DOI (paste link when published),,,,1,,dada2pe,not applicable,not applicable,0,0,2,2,2,pseudo,"removeBimeraDenovo, consensus",not applicable,320000,,,,,,,,,,,,,,
39,OME_eDNA_EcoFOCI_2020-2023,ssu16sv4v5_parada,ssu16sv4v5_parada_pmel_ome_run1_SILVAngs,TBD_this_DOI (paste link when published),"Cutadapt, primer trimming | DADA2, filterAndTrim (quality and length trimming)","Cutadapt, -a ""GTGYCAGCMGCCGCGGTAA;required...revcomp_CCGYCAATTYMTTTRAGTTT;optional"", -A ""CCGYCAATTYMTTTRAGTTT;required...revcomp_GTGYCAGCMGCCGCGGTAA;optional"", --discard-untrimmed, -m 1 | DADA2, trunQ = 2, trimRight = 20, trimLeft = 0",pheniqs v2.1.0 | Cutadapt v3.4,pheniqs 0 | Cutadapt 0.3,"DADA2, mergePairs",20,100,DADA2,DADA2,expected error rate,2 | 2,"DADA2, removeBimeraDenovo, consensus",not applicable,"DADA2, pool=""pseudo""",100,,reads,DADA2 | decontam_workflow,32000,not applicable,sequence similarity,blastn 2.11.0+,86,86,No taxonomic levels are dropped from best BLAST hit matches due to high quality comprehensive nature of the reference dataset and taxonomy.,not applicable,,not applicable,,,No filtering outside of DADA2 default ASV denoising,this_DOI (link to decontamination screening section),this_DOI (paste link when published),,,,1,,dada2pe,not applicable,not applicable,0,0,2,2,2,pseudo,"removeBimeraDenovo, consensus",not applicable,32000,,,,,,,,,,,,,,
42,OME_eDNA_EcoFOCI_2020-2023,ssu16sv4v5_parada,ssu16sv4v5_parada_pmel_ome_run2_SILVAngs,TBD_this_DOI (paste link when published),"Cutadapt, primer trimming | DADA2, filterAndTrim (quality and length trimming)","Cutadapt, -a ""GTGYCAGCMGCCGCGGTAA;required...revcomp_CCGYCAATTYMTTTRAGTTT;optional"", -A ""CCGYCAATTYMTTTRAGTTT;required...revcomp_GTGYCAGCMGCCGCGGTAA;optional"", --discard-untrimmed, -m 1 | DADA2, trunQ = 2, trimRight = 25, trimLeft = 0",pheniqs v2.1.0 | Cutadapt v3.4,pheniqs 0 | Cutadapt 0.3,"DADA2, mergePairs",20,100,DADA2,DADA2,expected error rate,2 | 2,"DADA2, removeBimeraDenovo, consensus",not applicable,"DADA2, pool=""pseudo""",100,,reads,DADA2 | decontam_workflow,320000,not applicable,sequence similarity,blastn 2.11.0+,86,86,No taxonomic levels are dropped from best BLAST hit matches due to high quality comprehensive nature of the reference dataset and taxonomy.,not applicable,,not applicable,,,No filtering outside of DADA2 default ASV denoising,this_DOI (link to decontamination screening section),this_DOI (paste link when published),,,,1,,dada2pe,not applicable,not applicable,0,0,2,2,2,pseudo,"removeBimeraDenovo, consensus",not applicable,320000,,,,,,,,,,,,,,
45,OME_eDNA_EcoFOCI_2020-2023,ssu16sv4v5_parada,ssu16sv4v5_parada_pmel_ome_run3_SILVAngs,TBD_this_DOI (paste link when published),"Cutadapt, primer trimming | DADA2, filterAndTrim (quality and length trimming)","Cutadapt, -a ""GTGYCAGCMGCCGCGGTAA;required...revcomp_CCGYCAATTYMTTTRAGTTT;optional"", -A ""CCGYCAATTYMTTTRAGTTT;required...revcomp_GTGYCAGCMGCCGCGGTAA;optional"", --discard-untrimmed, -m 1 | DADA2, trunQ = 2, trimRight = 25, trimLeft = 0",pheniqs v2.1.0 | Cutadapt v3.4,pheniqs 0 | Cutadapt 0.3,"DADA2, mergePairs",20,100,DADA2,DADA2,expected error rate,2 | 2,"DADA2, removeBimeraDenovo, consensus",not applicable,"DADA2, pool=""pseudo""",100,,reads,DADA2 | decontam_workflow,320000,not applicable,sequence similarity,blastn 2.11.0+,86,86,No taxonomic levels are dropped from best BLAST hit matches due to high quality comprehensive nature of the reference dataset and taxonomy.,not applicable,,not applicable,,,No filtering outside of DADA2 default ASV denoising,this_DOI (link to decontamination screening section),this_DOI (paste link when published),,,,1,,dada2pe,not applicable,not applicable,0,0,2,2,2,pseudo,"removeBimeraDenovo, consensus",not applicable,320000,,,,,,,,,,,,,,
48,OME_eDNA_EcoFOCI_2020-2023,ssu16sv4v5_parada,ssu16sv4v5_parada_pmel_ome_run4_SILVAngs,TBD_this_DOI (paste link when published),"Cutadapt, primer trimming | DADA2, filterAndTrim (quality and length trimming)","Cutadapt, -a ""GTGYCAGCMGCCGCGGTAA;required...revcomp_CCGYCAATTYMTTTRAGTTT;optional"", -A ""CCGYCAATTYMTTTRAGTTT;required...revcomp_GTGYCAGCMGCCGCGGTAA;optional"", --discard-untrimmed, -m 1 | DADA2, trunQ = 2, trimRight = 10, trimLeft = 0",pheniqs v2.1.0 | Cutadapt v3.4,pheniqs 0 | Cutadapt 0.3,"DADA2, mergePairs",20,100,DADA2,DADA2,expected error rate,2 | 2,"DADA2, removeBimeraDenovo, consensus",not applicable,"DADA2, pool=""pseudo""",100,,reads,DADA2 | decontam_workflow,320000,not applicable,sequence similarity,blastn 2.11.0+,86,86,No taxonomic levels are dropped from best BLAST hit matches due to high quality comprehensive nature of the reference dataset and taxonomy.,not applicable,,not applicable,,,No filtering outside of DADA2 default ASV denoising,this_DOI (link to decontamination screening section),this_DOI (paste link when published),,,,1,,dada2pe,not applicable,not applicable,0,0,2,2,2,pseudo,"removeBimeraDenovo, consensus",not applicable,320000,,,,,,,,,,,,,,
51,OME_eDNA_EcoFOCI_2020-2023,ssu16sv4v5_parada,ssu16sv4v5_parada_pmel_ome_run5_SILVAngs,TBD_this_DOI (paste link when published),"Cutadapt, primer trimming | DADA2, filterAndTrim (quality and length trimming)","Cutadapt, -a ""GTGYCAGCMGCCGCGGTAA;required...revcomp_CCGYCAATTYMTTTRAGTTT;optional"", -A ""CCGYCAATTYMTTTRAGTTT;required...revcomp_GTGYCAGCMGCCGCGGTAA;optional"", --discard-untrimmed, -m 1 | DADA2, trunQ = 2, trimRight = 10, trimLeft = 0",pheniqs v2.1.0 | Cutadapt v3.4,pheniqs 0 | Cutadapt 0.3,"DADA2, mergePairs",20,100,DADA2,DADA2,expected error rate,2 | 2,"DADA2, removeBimeraDenovo, consensus",not applicable,"DADA2, pool=""pseudo""",100,,reads,DADA2 | decontam_workflow,320000,not applicable,sequence similarity,blastn 2.11.0+,86,86,No taxonomic levels are dropped from best BLAST hit matches due to high quality comprehensive nature of the reference dataset and taxonomy.,not applicable,,not applicable,,,No filtering outside of DADA2 default ASV denoising,this_DOI (link to decontamination screening section),this_DOI (paste link when published),,,,1,,dada2pe,not applicable,not applicable,0,0,2,2,2,pseudo,"removeBimeraDenovo, consensus",not applicable,320000,,,,,,,,,,,,,,
54,OME_eDNA_EcoFOCI_2020-2023,ssu16sv4v5_parada_OSUmod,ssu16sv4v5_parada_OSUmod_pmel_ome_osu867_SILVAngs,TBD_this_DOI (paste link when published),"Cutadapt, primer trimming | DADA2, filterAndTrim (quality and length trimming)","Cutadapt, -a ""GTGYCAGCMGCCGCGGTAA;required...revcomp_CCGYCAATTYMTTTRAGTTT;optional"", -A ""CCGYCAATTYMTTTRAGTTT;required...revcomp_GTGYCAGCMGCCGCGGTAA;optional"", --discard-untrimmed, -m 1 | DADA2, trunQ = 2, trimRight = 75, trimLeft = 0",pheniqs v2.1.0 | Cutadapt v3.4,pheniqs 0 | Cutadapt 0.3,"DADA2, mergePairs",20,100,DADA2,DADA2,expected error rate,2 | 2,"DADA2, removeBimeraDenovo, consensus",not applicable,"DADA2, pool=""pseudo""",100,,reads,DADA2 | decontam_workflow,320000,not applicable,sequence similarity,blastn 2.11.0+,86,86,No taxonomic levels are dropped from best BLAST hit matches due to high quality comprehensive nature of the reference dataset and taxonomy.,not applicable,,not applicable,,,No filtering outside of DADA2 default ASV denoising,this_DOI (link to decontamination screening section),this_DOI (paste link when published),,,,1,,dada2pe,not applicable,not applicable,0,0,2,2,2,pseudo,"removeBimeraDenovo, consensus",not applicable,320000,,,,,,,,,,,,,,
55,OME_eDNA_EcoFOCI_2020-2023,ssu16sv4v5_parada_OSUmod,ssu16sv4v5_parada_OSUmod_pmel_ome_osu867_scikit-learn-silva,TBD_this_DOI (paste link when published),"Cutadapt, primer trimming | DADA2, filterAndTrim (quality and length trimming)","Cutadapt, -a ""GTGYCAGCMGCCGCGGTAA;required...revcomp_CCGYCAATTYMTTTRAGTTT;optional"", -A ""CCGYCAATTYMTTTRAGTTT;required...revcomp_GTGYCAGCMGCCGCGGTAA;optional"", --discard-untrimmed, -m 1 | DADA2, trunQ = 2, trimRight = 75, trimLeft = 0",pheniqs v2.1.0 | Cutadapt v3.4,pheniqs 0 | Cutadapt 0.3,"DADA2, mergePairs",20,100,DADA2,DADA2,expected error rate,2 | 2,"DADA2, removeBimeraDenovo, consensus",not applicable,"DADA2, pool=""pseudo""",100,,reads,DADA2 | decontam_workflow,320000,not applicable,probabilistic,"no alignment, k-mer based",not applicable,not applicable,"TBD check - Starting at the highest level, the software checks % confidence against a set threshold. Once the confidence drops below that threshold, everything beyond that level is unassigned.",not applicable,,not applicable,,,No filtering outside of DADA2 default ASV denoising,this_DOI (link to decontamination screening section),this_DOI (paste link when published),,,,1,,dada2pe,not applicable,not applicable,0,0,2,2,2,pseudo,"removeBimeraDenovo, consensus",not applicable,320000,,,,,,,,,,,,,,
57,OME_eDNA_EcoFOCI_2020-2023,ssu16sv4v5_parada_OSUmod,ssu16sv4v5_parada_OSUmod_pmel_ome_osu873_SILVAngs,TBD_this_DOI (paste link when published),"Cutadapt, primer trimming | DADA2, filterAndTrim (quality and length trimming)","Cutadapt, -a ""GTGYCAGCMGCCGCGGTAA;required...revcomp_CCGYCAATTYMTTTRAGTTT;optional"", -A ""CCGYCAATTYMTTTRAGTTT;required...revcomp_GTGYCAGCMGCCGCGGTAA;optional"", --discard-untrimmed, -m 1 | DADA2, trunQ = 2, trimRight = 75, trimLeft = 0",pheniqs v2.1.0 | Cutadapt v3.4,pheniqs 0 | Cutadapt 0.3,"DADA2, mergePairs",20,100,DADA2,DADA2,expected error rate,2 | 2,"DADA2, removeBimeraDenovo, consensus",not applicable,"DADA2, pool=""pseudo""",100,,reads,DADA2 | decontam_workflow,320000,not applicable,sequence similarity,blastn 2.11.0+,86,86,No taxonomic levels are dropped from best BLAST hit matches due to high quality comprehensive nature of the reference dataset and taxonomy.,not applicable,,not applicable,,,No filtering outside of DADA2 default ASV denoising,this_DOI (link to decontamination screening section),this_DOI (paste link when published),,,,1,,dada2pe,not applicable,not applicable,0,0,2,2,2,pseudo,"removeBimeraDenovo, consensus",not applicable,320000,,,,,,,,,,,,,,
58,OME_eDNA_EcoFOCI_2020-2023,ssu16sv4v5_parada_OSUmod,ssu16sv4v5_parada_OSUmod_pmel_ome_osu873_scikit-learn-silva,TBD_this_DOI (paste link when published),"Cutadapt, primer trimming | DADA2, filterAndTrim (quality and length trimming)","Cutadapt, -a ""GTGYCAGCMGCCGCGGTAA;required...revcomp_CCGYCAATTYMTTTRAGTTT;optional"", -A ""CCGYCAATTYMTTTRAGTTT;required...revcomp_GTGYCAGCMGCCGCGGTAA;optional"", --discard-untrimmed, -m 1 | DADA2, trunQ = 2, trimRight = 75, trimLeft = 0",pheniqs v2.1.0 | Cutadapt v3.4,pheniqs 0 | Cutadapt 0.3,"DADA2, mergePairs",20,100,DADA2,DADA2,expected error rate,2 | 2,"DADA2, removeBimeraDenovo, consensus",not applicable,"DADA2, pool=""pseudo""",100,,reads,DADA2 | decontam_workflow,320000,not applicable,probabilistic,"no alignment, k-mer based",not applicable,not applicable,"TBD check - Starting at the highest level, the software checks % confidence against a set threshold. Once the confidence drops below that threshold, everything beyond that level is unassigned.",not applicable,,not applicable,,,No filtering outside of DADA2 default ASV denoising,this_DOI (link to decontamination screening section),this_DOI (paste link when published),,,,1,,dada2pe,not applicable,not applicable,0,0,2,2,2,pseudo,"removeBimeraDenovo, consensus",not applicable,320000,,,,,,,,,,,,,,
60,OME_eDNA_EcoFOCI_2020-2023,ssu16sv4v5_parada_OSUmod,ssu16sv4v5_parada_OSUmod_pmel_ome_osu876_SILVAngs,TBD_this_DOI (paste link when published),"Cutadapt, primer trimming | DADA2, filterAndTrim (quality and length trimming)","Cutadapt, -a ""GTGYCAGCMGCCGCGGTAA;required...revcomp_CCGYCAATTYMTTTRAGTTT;optional"", -A ""CCGYCAATTYMTTTRAGTTT;required...revcomp_GTGYCAGCMGCCGCGGTAA;optional"", --discard-untrimmed, -m 1 | DADA2, trunQ = 2, trimRight = 60, trimLeft = 0",pheniqs v2.1.0 | Cutadapt v3.4,pheniqs 0 | Cutadapt 0.3,"DADA2, mergePairs",20,100,DADA2,DADA2,expected error rate,2 | 2,"DADA2, removeBimeraDenovo, consensus",not applicable,"DADA2, pool=""pseudo""",100,,reads,DADA2 | decontam_workflow,320000,not applicable,sequence similarity,blastn 2.11.0+,86,86,No taxonomic levels are dropped from best BLAST hit matches due to high quality comprehensive nature of the reference dataset and taxonomy.,not applicable,,not applicable,,,No filtering outside of DADA2 default ASV denoising,this_DOI (link to decontamination screening section),this_DOI (paste link when published),,,,1,,dada2pe,not applicable,not applicable,0,0,2,2,2,pseudo,"removeBimeraDenovo, consensus",not applicable,320000,,,,,,,,,,,,,,
61,OME_eDNA_EcoFOCI_2020-2023,ssu16sv4v5_parada_OSUmod,ssu16sv4v5_parada_OSUmod_pmel_ome_osu876_scikit-learn-silva,TBD_this_DOI (paste link when published),"Cutadapt, primer trimming | DADA2, filterAndTrim (quality and length trimming)","Cutadapt, -a ""GTGYCAGCMGCCGCGGTAA;required...revcomp_CCGYCAATTYMTTTRAGTTT;optional"", -A ""CCGYCAATTYMTTTRAGTTT;required...revcomp_GTGYCAGCMGCCGCGGTAA;optional"", --discard-untrimmed, -m 1 | DADA2, trunQ = 2, trimRight = 60, trimLeft = 0",pheniqs v2.1.0 | Cutadapt v3.4,pheniqs 0 | Cutadapt 0.3,"DADA2, mergePairs",20,100,DADA2,DADA2,expected error rate,2 | 2,"DADA2, removeBimeraDenovo, consensus",not applicable,"DADA2, pool=""pseudo""",100,,reads,DADA2 | decontam_workflow,320000,not applicable,probabilistic,"no alignment, k-mer based",not applicable,not applicable,"TBD check - Starting at the highest level, the software checks % confidence against a set threshold. Once the confidence drops below that threshold, everything beyond that level is unassigned.",not applicable,,not applicable,,,No filtering outside of DADA2 default ASV denoising,this_DOI (link to decontamination screening section),this_DOI (paste link when published),,,,1,,dada2pe,not applicable,not applicable,0,0,2,2,2,pseudo,"removeBimeraDenovo, consensus",not applicable,320000,,,,,,,,,,,,,,
63,OME_eDNA_EcoFOCI_2020-2023,ssu16sv4v5_parada_OSUmod,ssu16sv4v5_parada_OSUmod_pmel_ome_osu894_SILVAngs,TBD_this_DOI (paste link when published),"Cutadapt, primer trimming | DADA2, filterAndTrim (quality and length trimming)","Cutadapt, -a ""GTGYCAGCMGCCGCGGTAA;required...revcomp_CCGYCAATTYMTTTRAGTTT;optional"", -A ""CCGYCAATTYMTTTRAGTTT;required...revcomp_GTGYCAGCMGCCGCGGTAA;optional"", --discard-untrimmed, -m 1 | DADA2, trunQ = 2, trimRight = 75, trimLeft = 0",pheniqs v2.1.0 | Cutadapt v3.4,pheniqs 0 | Cutadapt 0.3,"DADA2, mergePairs",20,100,DADA2,DADA2,expected error rate,2 | 2,"DADA2, removeBimeraDenovo, consensus",not applicable,"DADA2, pool=""pseudo""",100,,reads,DADA2 | decontam_workflow,320000,not applicable,sequence similarity,blastn 2.11.0+,86,86,No taxonomic levels are dropped from best BLAST hit matches due to high quality comprehensive nature of the reference dataset and taxonomy.,not applicable,,not applicable,,,No filtering outside of DADA2 default ASV denoising,this_DOI (link to decontamination screening section),this_DOI (paste link when published),,,,1,,dada2pe,not applicable,not applicable,0,0,2,2,2,pseudo,"removeBimeraDenovo, consensus",not applicable,320000,,,,,,,,,,,,,,
64,OME_eDNA_EcoFOCI_2020-2023,ssu16sv4v5_parada_OSUmod,ssu16sv4v5_parada_OSUmod_pmel_ome_osu894_scikit-learn-silva,TBD_this_DOI (paste link when published),"Cutadapt, primer trimming | DADA2, filterAndTrim (quality and length trimming)","Cutadapt, -a ""GTGYCAGCMGCCGCGGTAA;required...revcomp_CCGYCAATTYMTTTRAGTTT;optional"", -A ""CCGYCAATTYMTTTRAGTTT;required...revcomp_GTGYCAGCMGCCGCGGTAA;optional"", --discard-untrimmed, -m 1 | DADA2, trunQ = 2, trimRight = 75, trimLeft = 0",pheniqs v2.1.0 | Cutadapt v3.4,pheniqs 0 | Cutadapt 0.3,"DADA2, mergePairs",20,100,DADA2,DADA2,expected error rate,2 | 2,"DADA2, removeBimeraDenovo, consensus",not applicable,"DADA2, pool=""pseudo""",100,,reads,DADA2 | decontam_workflow,320000,not applicable,probabilistic,"no alignment, k-mer based",not applicable,not applicable,"TBD check - Starting at the highest level, the software checks % confidence against a set threshold. Once the confidence drops below that threshold, everything beyond that level is unassigned.",not applicable,,not applicable,,,No filtering outside of DADA2 default ASV denoising,this_DOI (link to decontamination screening section),this_DOI (paste link when published),,,,1,,dada2pe,not applicable,not applicable,0,0,2,2,2,pseudo,"removeBimeraDenovo, consensus",not applicable,320000,,,,,,,,,,,,,,
66,OME_eDNA_EcoFOCI_2020-2023,ssu16sv4v5_parada_OSUmod,ssu16sv4v5_parada_OSUmod_pmel_ome_osu1034_SILVAngs,TBD_this_DOI (paste link when published),"Cutadapt, primer trimming | DADA2, filterAndTrim (quality and length trimming)","Cutadapt, -a ""GTGYCAGCMGCCGCGGTAA;required...revcomp_CCGYCAATTYMTTTRAGTTT;optional"", -A ""CCGYCAATTYMTTTRAGTTT;required...revcomp_GTGYCAGCMGCCGCGGTAA;optional"", --discard-untrimmed, -m 1 | DADA2, trunQ = 2, trimRight = 75, trimLeft = 0",pheniqs v2.1.0 | Cutadapt v3.4,pheniqs 0 | Cutadapt 0.3,"DADA2, mergePairs",20,100,DADA2,DADA2,expected error rate,2 | 2,"DADA2, removeBimeraDenovo, consensus",not applicable,"DADA2, pool=""pseudo""",100,,reads,DADA2 | decontam_workflow,320000,not applicable,sequence similarity,blastn 2.11.0+,86,86,No taxonomic levels are dropped from best BLAST hit matches due to high quality comprehensive nature of the reference dataset and taxonomy.,not applicable,,not applicable,,,No filtering outside of DADA2 default ASV denoising,this_DOI (link to decontamination screening section),this_DOI (paste link when published),,,,1,,dada2pe,not applicable,not applicable,0,0,2,2,2,pseudo,"removeBimeraDenovo, consensus",not applicable,320000,,,,,,,,,,,,,,
67,OME_eDNA_EcoFOCI_2020-2023,ssu16sv4v5_parada_OSUmod,ssu16sv4v5_parada_OSUmod_pmel_ome_osu1034_scikit-learn-silva,TBD_this_DOI (paste link when published),"Cutadapt, primer trimming | DADA2, filterAndTrim (quality and length trimming)","Cutadapt, -a ""GTGYCAGCMGCCGCGGTAA;required...revcomp_CCGYCAATTYMTTTRAGTTT;optional"", -A ""CCGYCAATTYMTTTRAGTTT;required...revcomp_GTGYCAGCMGCCGCGGTAA;optional"", --discard-untrimmed, -m 1 | DADA2, trunQ = 2, trimRight = 75, trimLeft = 0",pheniqs v2.1.0 | Cutadapt v3.4,pheniqs 0 | Cutadapt 0.3,"DADA2, mergePairs",20,100,DADA2,DADA2,expected error rate,2 | 2,"DADA2, removeBimeraDenovo, consensus",not applicable,"DADA2, pool=""pseudo""",100,,reads,DADA2 | decontam_workflow,320000,not applicable,probabilistic,"no alignment, k-mer based",not applicable,not applicable,"TBD check - Starting at the highest level, the software checks % confidence against a set threshold. Once the confidence drops below that threshold, everything beyond that level is unassigned.",not applicable,,not applicable,,,No filtering outside of DADA2 default ASV denoising,this_DOI (link to decontamination screening section),this_DOI (paste link when published),,,,1,,dada2pe,not applicable,not applicable,0,0,2,2,2,pseudo,"removeBimeraDenovo, consensus",not applicable,320000,,,,,,,,,,,,,,
69,OME_eDNA_EcoFOCI_2020-2023,ssu16sv4v5_parada_OSUmod,ssu16sv4v5_parada_OSUmod_pmel_ome_osu1037_SILVAngs,TBD_this_DOI (paste link when published),"Cutadapt, primer trimming | DADA2, filterAndTrim (quality and length trimming)","Cutadapt, -a ""GTGYCAGCMGCCGCGGTAA;required...revcomp_CCGYCAATTYMTTTRAGTTT;optional"", -A ""CCGYCAATTYMTTTRAGTTT;required...revcomp_GTGYCAGCMGCCGCGGTAA;optional"", --discard-untrimmed, -m 1 | DADA2, trunQ = 2, trimRight = 75, trimLeft = 0",pheniqs v2.1.0 | Cutadapt v3.4,pheniqs 0 | Cutadapt 0.3,"DADA2, mergePairs",20,100,DADA2,DADA2,expected error rate,2 | 2,"DADA2, removeBimeraDenovo, consensus",not applicable,"DADA2, pool=""pseudo""",100,,reads,DADA2 | decontam_workflow,320000,not applicable,sequence similarity,blastn 2.11.0+,86,86,No taxonomic levels are dropped from best BLAST hit matches due to high quality comprehensive nature of the reference dataset and taxonomy.,not applicable,,not applicable,,,No filtering outside of DADA2 default ASV denoising,this_DOI (link to decontamination screening section),this_DOI (paste link when published),,,,1,,dada2pe,not applicable,not applicable,0,0,2,2,2,pseudo,"removeBimeraDenovo, consensus",not applicable,320000,,,,,,,,,,,,,,
70,OME_eDNA_EcoFOCI_2020-2023,ssu16sv4v5_parada_OSUmod,ssu16sv4v5_parada_OSUmod_pmel_ome_osu1037_scikit-learn-silva,TBD_this_DOI (paste link when published),"Cutadapt, primer trimming | DADA2, filterAndTrim (quality and length trimming)","Cutadapt, -a ""GTGYCAGCMGCCGCGGTAA;required...revcomp_CCGYCAATTYMTTTRAGTTT;optional"", -A ""CCGYCAATTYMTTTRAGTTT;required...revcomp_GTGYCAGCMGCCGCGGTAA;optional"", --discard-untrimmed, -m 1 | DADA2, trunQ = 2, trimRight = 75, trimLeft = 0",pheniqs v2.1.0 | Cutadapt v3.4,pheniqs 0 | Cutadapt 0.3,"DADA2, mergePairs",20,100,DADA2,DADA2,expected error rate,2 | 2,"DADA2, removeBimeraDenovo, consensus",not applicable,"DADA2, pool=""pseudo""",100,,reads,DADA2 | decontam_workflow,320000,not applicable,probabilistic,"no alignment, k-mer based",not applicable,not applicable,"TBD check - Starting at the highest level, the software checks % confidence against a set threshold. Once the confidence drops below that threshold, everything beyond that level is unassigned.",not applicable,,not applicable,,,No filtering outside of DADA2 default ASV denoising,this_DOI (link to decontamination screening section),this_DOI (paste link when published),,,,1,,dada2pe,not applicable,not applicable,0,0,2,2,2,pseudo,"removeBimeraDenovo, consensus",not applicable,320000,,,,,,,,,,,,,,
72,OME_eDNA_EcoFOCI_2020-2023,ssu16sv4v5_parada_OSUmod,ssu16sv4v5_parada_OSUmod_None_SILVAngs,TBD_this_DOI (paste link when published),"Cutadapt, primer trimming | DADA2, filterAndTrim (quality and length trimming)","Cutadapt, -a ""GTGYCAGCMGCCGCGGTAA;required...revcomp_CCGYCAATTYMTTTRAGTTT;optional"", -A ""CCGYCAATTYMTTTRAGTTT;required...revcomp_GTGYCAGCMGCCGCGGTAA;optional"", --discard-untrimmed, -m 1 | DADA2, trunQ = 2, trimRight = 50, trimLeft = 0",pheniqs v2.1.0 | Cutadapt v3.4,pheniqs 0 | Cutadapt 0.3,"DADA2, mergePairs",20,100,DADA2,DADA2,expected error rate,2 | 2,"DADA2, removeBimeraDenovo, consensus",not applicable,"DADA2, pool=""pseudo""",100,,reads,DADA2 | decontam_workflow,320000,not applicable,sequence similarity,blastn 2.11.0+,86,86,No taxonomic levels are dropped from best BLAST hit matches due to high quality comprehensive nature of the reference dataset and taxonomy.,not applicable,,not applicable,,,No filtering outside of DADA2 default ASV denoising,this_DOI (link to decontamination screening section),this_DOI (paste link when published),,,,1,,dada2pe,not applicable,not applicable,0,0,2,2,2,pseudo,"removeBimeraDenovo, consensus",not applicable,320000,,,,,,,,,,,,,,
73,OME_eDNA_EcoFOCI_2020-2023,ssu16sv4v5_parada_OSUmod,ssu16sv4v5_parada_OSUmod_None_scikit-learn-silva,TBD_this_DOI (paste link when published),"Cutadapt, primer trimming | DADA2, filterAndTrim (quality and length trimming)","Cutadapt, -a ""GTGYCAGCMGCCGCGGTAA;required...revcomp_CCGYCAATTYMTTTRAGTTT;optional"", -A ""CCGYCAATTYMTTTRAGTTT;required...revcomp_GTGYCAGCMGCCGCGGTAA;optional"", --discard-untrimmed, -m 1 | DADA2, trunQ = 2, trimRight = 50, trimLeft = 0",pheniqs v2.1.0 | Cutadapt v3.4,pheniqs 0 | Cutadapt 0.3,"DADA2, mergePairs",20,100,DADA2,DADA2,expected error rate,2 | 2,"DADA2, removeBimeraDenovo, consensus",not applicable,"DADA2, pool=""pseudo""",100,,reads,DADA2 | decontam_workflow,320000,not applicable,probabilistic,"no alignment, k-mer based",not applicable,not applicable,"TBD check - Starting at the highest level, the software checks % confidence against a set threshold. Once the confidence drops below that threshold, everything beyond that level is unassigned.",not applicable,,not applicable,,,No filtering outside of DADA2 default ASV denoising,this_DOI (link to decontamination screening section),this_DOI (paste link when published),,,,1,,dada2pe,not applicable,not applicable,0,0,2,2,2,pseudo,"removeBimeraDenovo, consensus",not applicable,320000,,,,,,,,,,,,,,
75,OME_eDNA_EcoFOCI_2020-2023,ssu16sv4v5_parada_OSUmod,ssu16sv4v5_parada_OSUmod_None_SILVAngs,TBD_this_DOI (paste link when published),"Cutadapt, primer trimming | DADA2, filterAndTrim (quality and length trimming)","Cutadapt, -a ""GTGYCAGCMGCCGCGGTAA;required...revcomp_CCGYCAATTYMTTTRAGTTT;optional"", -A ""CCGYCAATTYMTTTRAGTTT;required...revcomp_GTGYCAGCMGCCGCGGTAA;optional"", --discard-untrimmed, -m 1 | DADA2, trunQ = 2, trimRight = 60, trimLeft = 0",pheniqs v2.1.0 | Cutadapt v3.4,pheniqs 0 | Cutadapt 0.3,"DADA2, mergePairs",20,100,DADA2,DADA2,expected error rate,2 | 2,"DADA2, removeBimeraDenovo, consensus",not applicable,"DADA2, pool=""pseudo""",100,,reads,DADA2 | decontam_workflow,320000,not applicable,sequence similarity,blastn 2.11.0+,86,86,No taxonomic levels are dropped from best BLAST hit matches due to high quality comprehensive nature of the reference dataset and taxonomy.,not applicable,,not applicable,,,No filtering outside of DADA2 default ASV denoising,this_DOI (link to decontamination screening section),this_DOI (paste link when published),,,,1,,dada2pe,not applicable,not applicable,0,0,2,2,2,pseudo,"removeBimeraDenovo, consensus",not applicable,320000,,,,,,,,,,,,,,
76,OME_eDNA_EcoFOCI_2020-2023,ssu16sv4v5_parada_OSUmod,ssu16sv4v5_parada_OSUmod_None_scikit-learn-silva,TBD_this_DOI (paste link when published),"Cutadapt, primer trimming | DADA2, filterAndTrim (quality and length trimming)","Cutadapt, -a ""GTGYCAGCMGCCGCGGTAA;required...revcomp_CCGYCAATTYMTTTRAGTTT;optional"", -A ""CCGYCAATTYMTTTRAGTTT;required...revcomp_GTGYCAGCMGCCGCGGTAA;optional"", --discard-untrimmed, -m 1 | DADA2, trunQ = 2, trimRight = 60, trimLeft = 0",pheniqs v2.1.0 | Cutadapt v3.4,pheniqs 0 | Cutadapt 0.3,"DADA2, mergePairs",20,100,DADA2,DADA2,expected error rate,2 | 2,"DADA2, removeBimeraDenovo, consensus",not applicable,"DADA2, pool=""pseudo""",100,,reads,DADA2 | decontam_workflow,320000,not applicable,probabilistic,"no alignment, k-mer based",not applicable,not applicable,"TBD check - Starting at the highest level, the software checks % confidence against a set threshold. Once the confidence drops below that threshold, everything beyond that level is unassigned.",not applicable,,not applicable,,,No filtering outside of DADA2 default ASV denoising,this_DOI (link to decontamination screening section),this_DOI (paste link when published),,,,1,,dada2pe,not applicable,not applicable,0,0,2,2,2,pseudo,"removeBimeraDenovo, consensus",not applicable,320000,,,,,,,,,,,,,,
78,OME_eDNA_EcoFOCI_2020-2023,ssu16sv4v5_parada_OSUmod,ssu16sv4v5_parada_OSUmod_None_SILVAngs,TBD_this_DOI (paste link when published),"Cutadapt, primer trimming | DADA2, filterAndTrim (quality and length trimming)","Cutadapt, -a ""GTGYCAGCMGCCGCGGTAA;required...revcomp_CCGYCAATTYMTTTRAGTTT;optional"", -A ""CCGYCAATTYMTTTRAGTTT;required...revcomp_GTGYCAGCMGCCGCGGTAA;optional"", --discard-untrimmed, -m 1 | DADA2, trunQ = 2, trimRight = 70, trimLeft = 0",pheniqs v2.1.0 | Cutadapt v3.4,pheniqs 0 | Cutadapt 0.3,"DADA2, mergePairs",20,100,DADA2,DADA2,expected error rate,2 | 2,"DADA2, removeBimeraDenovo, consensus",not applicable,"DADA2, pool=""pseudo""",100,,reads,DADA2 | decontam_workflow,320000,not applicable,sequence similarity,blastn 2.11.0+,86,86,No taxonomic levels are dropped from best BLAST hit matches due to high quality comprehensive nature of the reference dataset and taxonomy.,not applicable,,not applicable,,,No filtering outside of DADA2 default ASV denoising,this_DOI (link to decontamination screening section),this_DOI (paste link when published),,,,1,,dada2pe,not applicable,not applicable,0,0,2,2,2,pseudo,"removeBimeraDenovo, consensus",not applicable,320000,,,,,,,,,,,,,,
79,OME_eDNA_EcoFOCI_2020-2023,ssu16sv4v5_parada_OSUmod,ssu16sv4v5_parada_OSUmod_None_scikit-learn-silva,TBD_this_DOI (paste link when published),"Cutadapt, primer trimming | DADA2, filterAndTrim (quality and length trimming)","Cutadapt, -a ""GTGYCAGCMGCCGCGGTAA;required...revcomp_CCGYCAATTYMTTTRAGTTT;optional"", -A ""CCGYCAATTYMTTTRAGTTT;required...revcomp_GTGYCAGCMGCCGCGGTAA;optional"", --discard-untrimmed, -m 1 | DADA2, trunQ = 2, trimRight = 70, trimLeft = 0",pheniqs v2.1.0 | Cutadapt v3.4,pheniqs 0 | Cutadapt 0.3,"DADA2, mergePairs",20,100,DADA2,DADA2,expected error rate,2 | 2,"DADA2, removeBimeraDenovo, consensus",not applicable,"DADA2, pool=""pseudo""",100,,reads,DADA2 | decontam_workflow,320000,not applicable,probabilistic,"no alignment, k-mer based",not applicable,not applicable,"TBD check - Starting at the highest level, the software checks % confidence against a set threshold. Once the confidence drops below that threshold, everything beyond that level is unassigned.",not applicable,,not applicable,,,No filtering outside of DADA2 default ASV denoising,this_DOI (link to decontamination screening section),this_DOI (paste link when published),,,,1,,dada2pe,not applicable,not applicable,0,0,2,2,2,pseudo,"removeBimeraDenovo, consensus",not applicable,320000,,,,,,,,,,,,,,
81,OME_eDNA_EcoFOCI_2020-2023,ssu16sv4v5_parada_OSUmod,ssu16sv4v5_parada_OSUmod_None_SILVAngs,TBD_this_DOI (paste link when published),"Cutadapt, primer trimming | DADA2, filterAndTrim (quality and length trimming)","Cutadapt, -a ""GTGYCAGCMGCCGCGGTAA;required...revcomp_CCGYCAATTYMTTTRAGTTT;optional"", -A ""CCGYCAATTYMTTTRAGTTT;required...revcomp_GTGYCAGCMGCCGCGGTAA;optional"", --discard-untrimmed, -m 1 | DADA2, trunQ = 2, trimRight = 50, trimLeft = 0",pheniqs v2.1.0 | Cutadapt v3.4,pheniqs 0 | Cutadapt 0.3,"DADA2, mergePairs",20,100,DADA2,DADA2,expected error rate,2 | 2,"DADA2, removeBimeraDenovo, consensus",not applicable,"DADA2, pool=""pseudo""",100,,reads,DADA2 | decontam_workflow,320000,not applicable,sequence similarity,blastn 2.11.0+,86,86,No taxonomic levels are dropped from best BLAST hit matches due to high quality comprehensive nature of the reference dataset and taxonomy.,not applicable,,not applicable,,,No filtering outside of DADA2 default ASV denoising,this_DOI (link to decontamination screening section),this_DOI (paste link when published),,,,1,,dada2pe,not applicable,not applicable,0,0,2,2,2,pseudo,"removeBimeraDenovo, consensus",not applicable,320000,,,,,,,,,,,,,,
82,OME_eDNA_EcoFOCI_2020-2023,ssu16sv4v5_parada_OSUmod,ssu16sv4v5_parada_OSUmod_None_scikit-learn-silva,TBD_this_DOI (paste link when published),"Cutadapt, primer trimming | DADA2, filterAndTrim (quality and length trimming)","Cutadapt, -a ""GTGYCAGCMGCCGCGGTAA;required...revcomp_CCGYCAATTYMTTTRAGTTT;optional"", -A ""CCGYCAATTYMTTTRAGTTT;required...revcomp_GTGYCAGCMGCCGCGGTAA;optional"", --discard-untrimmed, -m 1 | DADA2, trunQ = 2, trimRight = 50, trimLeft = 0",pheniqs v2.1.0 | Cutadapt v3.4,pheniqs 0 | Cutadapt 0.3,"DADA2, mergePairs",20,100,DADA2,DADA2,expected error rate,2 | 2,"DADA2, removeBimeraDenovo, consensus",not applicable,"DADA2, pool=""pseudo""",100,,reads,DADA2 | decontam_workflow,320000,not applicable,probabilistic,"no alignment, k-mer based",not applicable,not applicable,"TBD check - Starting at the highest level, the software checks % confidence against a set threshold. Once the confidence drops below that threshold, everything beyond that level is unassigned.",not applicable,,not applicable,,,No filtering outside of DADA2 default ASV denoising,this_DOI (link to decontamination screening section),this_DOI (paste link when published),,,,1,,dada2pe,not applicable,not applicable,0,0,2,2,2,pseudo,"removeBimeraDenovo, consensus",not applicable,320000,,,,,,,,,,,,,,
84,OME_eDNA_EcoFOCI_2020-2023,ssu18sv4_stoeck,ssu18sv4_stoeck_pmel_ome_run1_scikit-learn-PR2,TBD_this_DOI (paste link when published),"Cutadapt, primer trimming | DADA2, filterAndTrim (quality and length trimming)","Cutadapt, -a ""CCAGCASCYGCGGTAATTCC;required...revcomp_ACTTTCGTTCTTGATYR;optional"", -A ""ACTTTCGTTCTTGATYR;required...revcomp_CCAGCASCYGCGGTAATTCC;optional"", --discard-untrimmed, -m 1 | DADA2, trunQ = 2, trimRight = 25, trimLeft = 0",pheniqs v2.1.0 | Cutadapt v3.4,pheniqs 0 | Cutadapt 0.3,"DADA2, mergePairs",20,100,DADA2,DADA2,expected error rate,2 | 2,"DADA2, removeBimeraDenovo, consensus",not applicable,"DADA2, pool=""pseudo""",100,,reads,DADA2 | decontam_workflow,32000,not applicable,probabilistic,,,,,not applicable,,not applicable,,,No filtering outside of DADA2 default ASV denoising,this_DOI (link to decontamination screening section),this_DOI (paste link when published),,,,1,,dada2pe,not applicable,not applicable,0,0,2,2,2,pseudo,"removeBimeraDenovo, consensus",not applicable,32000,,,,,,,,,,,,,,
86,OME_eDNA_EcoFOCI_2020-2023,ssu18sv4_stoeck,ssu18sv4_stoeck_pmel_ome_run2_scikit-learn-PR2,TBD_this_DOI (paste link when published),"Cutadapt, primer trimming | DADA2, filterAndTrim (quality and length trimming)","Cutadapt, -a ""CCAGCASCYGCGGTAATTCC;required...revcomp_ACTTTCGTTCTTGATYR;optional"", -A ""ACTTTCGTTCTTGATYR;required...revcomp_CCAGCASCYGCGGTAATTCC;optional"", --discard-untrimmed, -m 1 | DADA2, trunQ = 2, trimRight = 25, trimLeft = 0",pheniqs v2.1.0 | Cutadapt v3.4,pheniqs 0 | Cutadapt 0.3,"DADA2, mergePairs",20,100,DADA2,DADA2,expected error rate,2 | 2,"DADA2, removeBimeraDenovo, consensus",not applicable,"DADA2, pool=""pseudo""",100,,reads,DADA2 | decontam_workflow,320000,not applicable,probabilistic,,,,,not applicable,,not applicable,,,No filtering outside of DADA2 default ASV denoising,this_DOI (link to decontamination screening section),this_DOI (paste link when published),,,,1,,dada2pe,not applicable,not applicable,0,0,2,2,2,pseudo,"removeBimeraDenovo, consensus",not applicable,320000,,,,,,,,,,,,,,
88,OME_eDNA_EcoFOCI_2020-2023,ssu18sv4_stoeck,ssu18sv4_stoeck_pmel_ome_run3_scikit-learn-PR2,TBD_this_DOI (paste link when published),"Cutadapt, primer trimming | DADA2, filterAndTrim (quality and length trimming)","Cutadapt, -a ""CCAGCASCYGCGGTAATTCC;required...revcomp_ACTTTCGTTCTTGATYR;optional"", -A ""ACTTTCGTTCTTGATYR;required...revcomp_CCAGCASCYGCGGTAATTCC;optional"", --discard-untrimmed, -m 1 | DADA2, trunQ = 2, trimRight = 25, trimLeft = 0",pheniqs v2.1.0 | Cutadapt v3.4,pheniqs 0 | Cutadapt 0.3,"DADA2, mergePairs",20,100,DADA2,DADA2,expected error rate,2 | 2,"DADA2, removeBimeraDenovo, consensus",not applicable,"DADA2, pool=""pseudo""",100,,reads,DADA2 | decontam_workflow,320000,not applicable,probabilistic,,,,,not applicable,,not applicable,,,No filtering outside of DADA2 default ASV denoising,this_DOI (link to decontamination screening section),this_DOI (paste link when published),,,,1,,dada2pe,not applicable,not applicable,0,0,2,2,2,pseudo,"removeBimeraDenovo, consensus",not applicable,320000,,,,,,,,,,,,,,
90,OME_eDNA_EcoFOCI_2020-2023,ssu18sv4_stoeck,ssu18sv4_stoeck_pmel_ome_run4_scikit-learn-PR2,TBD_this_DOI (paste link when published),"Cutadapt, primer trimming | DADA2, filterAndTrim (quality and length trimming)","Cutadapt, -a ""CCAGCASCYGCGGTAATTCC;required...revcomp_ACTTTCGTTCTTGATYR;optional"", -A ""ACTTTCGTTCTTGATYR;required...revcomp_CCAGCASCYGCGGTAATTCC;optional"", --discard-untrimmed, -m 1 | DADA2, trunQ = 2, trimRight = 10, trimLeft = 0",pheniqs v2.1.0 | Cutadapt v3.4,pheniqs 0 | Cutadapt 0.3,"DADA2, mergePairs",20,100,DADA2,DADA2,expected error rate,2 | 2,"DADA2, removeBimeraDenovo, consensus",not applicable,"DADA2, pool=""pseudo""",100,,reads,DADA2 | decontam_workflow,320000,not applicable,probabilistic,,,,,not applicable,,not applicable,,,No filtering outside of DADA2 default ASV denoising,this_DOI (link to decontamination screening section),this_DOI (paste link when published),,,,1,,dada2pe,not applicable,not applicable,0,0,2,2,2,pseudo,"removeBimeraDenovo, consensus",not applicable,320000,,,,,,,,,,,,,,
92,OME_eDNA_EcoFOCI_2020-2023,ssu18sv4_stoeck,ssu18sv4_stoeck_pmel_ome_run5_scikit-learn-PR2,TBD_this_DOI (paste link when published),"Cutadapt, primer trimming | DADA2, filterAndTrim (quality and length trimming)","Cutadapt, -a ""CCAGCASCYGCGGTAATTCC;required...revcomp_ACTTTCGTTCTTGATYR;optional"", -A ""ACTTTCGTTCTTGATYR;required...revcomp_CCAGCASCYGCGGTAATTCC;optional"", --discard-untrimmed, -m 1 | DADA2, trunQ = 2, trimRight = 10, trimLeft = 0",pheniqs v2.1.0 | Cutadapt v3.4,pheniqs 0 | Cutadapt 0.3,"DADA2, mergePairs",20,100,DADA2,DADA2,expected error rate,2 | 2,"DADA2, removeBimeraDenovo, consensus",not applicable,"DADA2, pool=""pseudo""",100,,reads,DADA2 | decontam_workflow,320000,not applicable,probabilistic,,,,,not applicable,,not applicable,,,No filtering outside of DADA2 default ASV denoising,this_DOI (link to decontamination screening section),this_DOI (paste link when published),,,,1,,dada2pe,not applicable,not applicable,0,0,2,2,2,pseudo,"removeBimeraDenovo, consensus",not applicable,320000,,,,,,,,,,,,,,
94,OME_eDNA_EcoFOCI_2020-2023,ssu18sv8_machida,ssu18sv8_machida_pmel_ome_run2_Anacapa,TBD_this_DOI (paste link when published),"Cutadapt, primer trimming | DADA2, filterAndTrim (quality and length trimming)","Cutadapt, -a ""GYGGTGCATGGCCGTTSKTRGTT;required...revcomp_GTGTGYACAAAGGBCAGGGAC;optional"", -A ""GTGTGYACAAAGGBCAGGGAC;required...revcomp_GYGGTGCATGGCCGTTSKTRGTT;optional"", --discard-untrimmed, -m 1 | DADA2, trunQ = 2, trimRight = 25, trimLeft = 0",pheniqs v2.1.0 | Cutadapt v3.4,pheniqs 0 | Cutadapt 0.3,"DADA2, mergePairs",20,100,DADA2,DADA2,expected error rate,2 | 2,"DADA2, removeBimeraDenovo, consensus",not applicable,"DADA2, pool=""pseudo""",100,,reads,DADA2 | decontam_workflow,320000,rCRUX-version,probabilistic,,,,,not applicable,,not applicable,,,No filtering outside of DADA2 default ASV denoising,this_DOI (link to decontamination screening section),this_DOI (paste link when published),,,,1,,dada2pe,not applicable,not applicable,0,0,2,2,2,pseudo,"removeBimeraDenovo, consensus",not applicable,320000,,,,,,,,,,,,,,
96,OME_eDNA_EcoFOCI_2020-2023,ssu18sv8_machida,ssu18sv8_machida_pmel_ome_run3_Anacapa,TBD_this_DOI (paste link when published),"Cutadapt, primer trimming | DADA2, filterAndTrim (quality and length trimming)","Cutadapt, -a ""GYGGTGCATGGCCGTTSKTRGTT;required...revcomp_GTGTGYACAAAGGBCAGGGAC;optional"", -A ""GTGTGYACAAAGGBCAGGGAC;required...revcomp_GYGGTGCATGGCCGTTSKTRGTT;optional"", --discard-untrimmed, -m 1 | DADA2, trunQ = 2, trimRight = 25, trimLeft = 0",pheniqs v2.1.0 | Cutadapt v3.4,pheniqs 0 | Cutadapt 0.3,"DADA2, mergePairs",20,100,DADA2,DADA2,expected error rate,2 | 2,"DADA2, removeBimeraDenovo, consensus",not applicable,"DADA2, pool=""pseudo""",100,,reads,DADA2 | decontam_workflow,320000,rCRUX-version,probabilistic,,,,,not applicable,,not applicable,,,No filtering outside of DADA2 default ASV denoising,this_DOI (link to decontamination screening section),this_DOI (paste link when published),,,,1,,dada2pe,not applicable,not applicable,0,0,2,2,2,pseudo,"removeBimeraDenovo, consensus",not applicable,320000,,,,,,,,,,,,,,
98,OME_eDNA_EcoFOCI_2020-2023,ssu18sv8_machida,ssu18sv8_machida_pmel_ome_run4_Anacapa,TBD_this_DOI (paste link when published),"Cutadapt, primer trimming | DADA2, filterAndTrim (quality and length trimming)","Cutadapt, -a ""GYGGTGCATGGCCGTTSKTRGTT;required...revcomp_GTGTGYACAAAGGBCAGGGAC;optional"", -A ""GTGTGYACAAAGGBCAGGGAC;required...revcomp_GYGGTGCATGGCCGTTSKTRGTT;optional"", --discard-untrimmed, -m 1 | DADA2, trunQ = 2, trimRight = 10, trimLeft = 0",pheniqs v2.1.0 | Cutadapt v3.4,pheniqs 0 | Cutadapt 0.3,"DADA2, mergePairs",20,100,DADA2,DADA2,expected error rate,2 | 2,"DADA2, removeBimeraDenovo, consensus",not applicable,"DADA2, pool=""pseudo""",100,,reads,DADA2 | decontam_workflow,320000,rCRUX-version,probabilistic,,,,,not applicable,,not applicable,,,No filtering outside of DADA2 default ASV denoising,this_DOI (link to decontamination screening section),this_DOI (paste link when published),,,,1,,dada2pe,not applicable,not applicable,0,0,2,2,2,pseudo,"removeBimeraDenovo, consensus",not applicable,320000,,,,,,,,,,,,,,
100,OME_eDNA_EcoFOCI_2020-2023,ssu18sv8_machida,ssu18sv8_machida_pmel_ome_run5_Anacapa,TBD_this_DOI (paste link when published),"Cutadapt, primer trimming | DADA2, filterAndTrim (quality and length trimming)","Cutadapt, -a ""GYGGTGCATGGCCGTTSKTRGTT;required...revcomp_GTGTGYACAAAGGBCAGGGAC;optional"", -A ""GTGTGYACAAAGGBCAGGGAC;required...revcomp_GYGGTGCATGGCCGTTSKTRGTT;optional"", --discard-untrimmed, -m 1 | DADA2, trunQ = 2, trimRight = 10, trimLeft = 0",pheniqs v2.1.0 | Cutadapt v3.4,pheniqs 0 | Cutadapt 0.3,"DADA2, mergePairs",20,100,DADA2,DADA2,expected error rate,2 | 2,"DADA2, removeBimeraDenovo, consensus",not applicable,"DADA2, pool=""pseudo""",100,,reads,DADA2 | decontam_workflow,320000,rCRUX-version,probabilistic,,,,,not applicable,,not applicable,,,No filtering outside of DADA2 default ASV denoising,this_DOI (link to decontamination screening section),this_DOI (paste link when published),,,,1,,dada2pe,not applicable,not applicable,0,0,2,2,2,pseudo,"removeBimeraDenovo, consensus",not applicable,320000,,,,,,,,,,,,,,
101,OME_eDNA_EcoFOCI_2020-2023,ssu18sv8_machida_OSUmod,ssu18sv8_machida_OSUmod_pmel_ome_osu867_REVAMP,TBD_this_DOI (paste link when published),"Cutadapt, primer trimming | DADA2, filterAndTrim (quality and length trimming)","Cutadapt, -a ""GYGGTGCATGGCCGTTSKTRGTT;required...revcomp_GTGTGYACAAAGGBCAGGGAC;optional"", -A ""GTGTGYACAAAGGBCAGGGAC;required...revcomp_GYGGTGCATGGCCGTTSKTRGTT;optional"", --discard-untrimmed, -m 1 | DADA2, trunQ = 2, trimRight = 80, trimLeft = 0",pheniqs v2.1.0 | Cutadapt v3.4,pheniqs 0 | Cutadapt 0.3,"DADA2, mergePairs",20,100,DADA2,DADA2,expected error rate,2 | 2,"DADA2, removeBimeraDenovo, consensus",not applicable,"DADA2, pool=""pseudo""",100,,reads,DADA2 | decontam_workflow,320000,not applicable,sequence similarity,blastn >2.14.1+,320000,320000,320000,not applicable,,not applicable,,,No filtering outside of DADA2 default ASV denoising,this_DOI (link to decontamination screening section),this_DOI (paste link when published),,,,1,,dada2pe,not applicable,not applicable,0,0,2,2,2,pseudo,"removeBimeraDenovo, consensus",not applicable,320000,,,,,,,,,,,,,,
102,OME_eDNA_EcoFOCI_2020-2023,ssu18sv8_machida_OSUmod,ssu18sv8_machida_OSUmod_pmel_ome_osu867_Anacapa,TBD_this_DOI (paste link when published),"Cutadapt, primer trimming | DADA2, filterAndTrim (quality and length trimming)","Cutadapt, -a ""GYGGTGCATGGCCGTTSKTRGTT;required...revcomp_GTGTGYACAAAGGBCAGGGAC;optional"", -A ""GTGTGYACAAAGGBCAGGGAC;required...revcomp_GYGGTGCATGGCCGTTSKTRGTT;optional"", --discard-untrimmed, -m 1 | DADA2, trunQ = 2, trimRight = 80, trimLeft = 0",pheniqs v2.1.0 | Cutadapt v3.4,pheniqs 0 | Cutadapt 0.3,"DADA2, mergePairs",20,100,DADA2,DADA2,expected error rate,2 | 2,"DADA2, removeBimeraDenovo, consensus",not applicable,"DADA2, pool=""pseudo""",100,,reads,DADA2 | decontam_workflow,320000,rCRUX-version,probabilistic,,,,,not applicable,,not applicable,,,No filtering outside of DADA2 default ASV denoising,this_DOI (link to decontamination screening section),this_DOI (paste link when published),,,,1,,dada2pe,not applicable,not applicable,0,0,2,2,2,pseudo,"removeBimeraDenovo, consensus",not applicable,320000,,,,,,,,,,,,,,
103,OME_eDNA_EcoFOCI_2020-2023,ssu18sv8_machida_OSUmod,ssu18sv8_machida_OSUmod_pmel_ome_osu873_REVAMP,TBD_this_DOI (paste link when published),"Cutadapt, primer trimming | DADA2, filterAndTrim (quality and length trimming)","Cutadapt, -a ""GYGGTGCATGGCCGTTSKTRGTT;required...revcomp_GTGTGYACAAAGGBCAGGGAC;optional"", -A ""GTGTGYACAAAGGBCAGGGAC;required...revcomp_GYGGTGCATGGCCGTTSKTRGTT;optional"", --discard-untrimmed, -m 1 | DADA2, trunQ = 2, trimRight = 75, trimLeft = 0",pheniqs v2.1.0 | Cutadapt v3.4,pheniqs 0 | Cutadapt 0.3,"DADA2, mergePairs",20,100,DADA2,DADA2,expected error rate,2 | 2,"DADA2, removeBimeraDenovo, consensus",not applicable,"DADA2, pool=""pseudo""",100,,reads,DADA2 | decontam_workflow,320000,not applicable,sequence similarity,blastn >2.14.1+,320000,320000,320000,not applicable,,not applicable,,,No filtering outside of DADA2 default ASV denoising,this_DOI (link to decontamination screening section),this_DOI (paste link when published),,,,1,,dada2pe,not applicable,not applicable,0,0,2,2,2,pseudo,"removeBimeraDenovo, consensus",not applicable,320000,,,,,,,,,,,,,,
104,OME_eDNA_EcoFOCI_2020-2023,ssu18sv8_machida_OSUmod,ssu18sv8_machida_OSUmod_pmel_ome_osu873_Anacapa,TBD_this_DOI (paste link when published),"Cutadapt, primer trimming | DADA2, filterAndTrim (quality and length trimming)","Cutadapt, -a ""GYGGTGCATGGCCGTTSKTRGTT;required...revcomp_GTGTGYACAAAGGBCAGGGAC;optional"", -A ""GTGTGYACAAAGGBCAGGGAC;required...revcomp_GYGGTGCATGGCCGTTSKTRGTT;optional"", --discard-untrimmed, -m 1 | DADA2, trunQ = 2, trimRight = 75, trimLeft = 0",pheniqs v2.1.0 | Cutadapt v3.4,pheniqs 0 | Cutadapt 0.3,"DADA2, mergePairs",20,100,DADA2,DADA2,expected error rate,2 | 2,"DADA2, removeBimeraDenovo, consensus",not applicable,"DADA2, pool=""pseudo""",100,,reads,DADA2 | decontam_workflow,320000,rCRUX-version,probabilistic,,,,,not applicable,,not applicable,,,No filtering outside of DADA2 default ASV denoising,this_DOI (link to decontamination screening section),this_DOI (paste link when published),,,,1,,dada2pe,not applicable,not applicable,0,0,2,2,2,pseudo,"removeBimeraDenovo, consensus",not applicable,320000,,,,,,,,,,,,,,
105,OME_eDNA_EcoFOCI_2020-2023,ssu18sv8_machida_OSUmod,ssu18sv8_machida_OSUmod_pmel_ome_osu876_REVAMP,TBD_this_DOI (paste link when published),"Cutadapt, primer trimming | DADA2, filterAndTrim (quality and length trimming)","Cutadapt, -a ""GYGGTGCATGGCCGTTSKTRGTT;required...revcomp_GTGTGYACAAAGGBCAGGGAC;optional"", -A ""GTGTGYACAAAGGBCAGGGAC;required...revcomp_GYGGTGCATGGCCGTTSKTRGTT;optional"", --discard-untrimmed, -m 1 | DADA2, trunQ = 2, trimRight = 75, trimLeft = 0",pheniqs v2.1.0 | Cutadapt v3.4,pheniqs 0 | Cutadapt 0.3,"DADA2, mergePairs",20,100,DADA2,DADA2,expected error rate,2 | 2,"DADA2, removeBimeraDenovo, consensus",not applicable,"DADA2, pool=""pseudo""",100,,reads,DADA2 | decontam_workflow,320000,not applicable,sequence similarity,blastn >2.14.1+,320000,320000,320000,not applicable,,not applicable,,,No filtering outside of DADA2 default ASV denoising,this_DOI (link to decontamination screening section),this_DOI (paste link when published),,,,1,,dada2pe,not applicable,not applicable,0,0,2,2,2,pseudo,"removeBimeraDenovo, consensus",not applicable,320000,,,,,,,,,,,,,,
106,OME_eDNA_EcoFOCI_2020-2023,ssu18sv8_machida_OSUmod,ssu18sv8_machida_OSUmod_pmel_ome_osu876_Anacapa,TBD_this_DOI (paste link when published),"Cutadapt, primer trimming | DADA2, filterAndTrim (quality and length trimming)","Cutadapt, -a ""GYGGTGCATGGCCGTTSKTRGTT;required...revcomp_GTGTGYACAAAGGBCAGGGAC;optional"", -A ""GTGTGYACAAAGGBCAGGGAC;required...revcomp_GYGGTGCATGGCCGTTSKTRGTT;optional"", --discard-untrimmed, -m 1 | DADA2, trunQ = 2, trimRight = 75, trimLeft = 0",pheniqs v2.1.0 | Cutadapt v3.4,pheniqs 0 | Cutadapt 0.3,"DADA2, mergePairs",20,100,DADA2,DADA2,expected error rate,2 | 2,"DADA2, removeBimeraDenovo, consensus",not applicable,"DADA2, pool=""pseudo""",100,,reads,DADA2 | decontam_workflow,320000,rCRUX-version,probabilistic,,,,,not applicable,,not applicable,,,No filtering outside of DADA2 default ASV denoising,this_DOI (link to decontamination screening section),this_DOI (paste link when published),,,,1,,dada2pe,not applicable,not applicable,0,0,2,2,2,pseudo,"removeBimeraDenovo, consensus",not applicable,320000,,,,,,,,,,,,,,
107,OME_eDNA_EcoFOCI_2020-2023,ssu18sv8_machida_OSUmod,ssu18sv8_machida_OSUmod_pmel_ome_osu894_REVAMP,TBD_this_DOI (paste link when published),"Cutadapt, primer trimming | DADA2, filterAndTrim (quality and length trimming)","Cutadapt, -a ""GYGGTGCATGGCCGTTSKTRGTT;required...revcomp_GTGTGYACAAAGGBCAGGGAC;optional"", -A ""GTGTGYACAAAGGBCAGGGAC;required...revcomp_GYGGTGCATGGCCGTTSKTRGTT;optional"", --discard-untrimmed, -m 1 | DADA2, trunQ = 2, trimRight = 90, trimLeft = 0",pheniqs v2.1.0 | Cutadapt v3.4,pheniqs 0 | Cutadapt 0.3,"DADA2, mergePairs",20,100,DADA2,DADA2,expected error rate,2 | 2,"DADA2, removeBimeraDenovo, consensus",not applicable,"DADA2, pool=""pseudo""",100,,reads,DADA2 | decontam_workflow,320000,not applicable,sequence similarity,blastn >2.14.1+,320000,320000,320000,not applicable,,not applicable,,,No filtering outside of DADA2 default ASV denoising,this_DOI (link to decontamination screening section),this_DOI (paste link when published),,,,1,,dada2pe,not applicable,not applicable,0,0,2,2,2,pseudo,"removeBimeraDenovo, consensus",not applicable,320000,,,,,,,,,,,,,,
108,OME_eDNA_EcoFOCI_2020-2023,ssu18sv8_machida_OSUmod,ssu18sv8_machida_OSUmod_pmel_ome_osu894_Anacapa,TBD_this_DOI (paste link when published),"Cutadapt, primer trimming | DADA2, filterAndTrim (quality and length trimming)","Cutadapt, -a ""GYGGTGCATGGCCGTTSKTRGTT;required...revcomp_GTGTGYACAAAGGBCAGGGAC;optional"", -A ""GTGTGYACAAAGGBCAGGGAC;required...revcomp_GYGGTGCATGGCCGTTSKTRGTT;optional"", --discard-untrimmed, -m 1 | DADA2, trunQ = 2, trimRight = 90, trimLeft = 0",pheniqs v2.1.0 | Cutadapt v3.4,pheniqs 0 | Cutadapt 0.3,"DADA2, mergePairs",20,100,DADA2,DADA2,expected error rate,2 | 2,"DADA2, removeBimeraDenovo, consensus",not applicable,"DADA2, pool=""pseudo""",100,,reads,DADA2 | decontam_workflow,320000,rCRUX-version,probabilistic,,,,,not applicable,,not applicable,,,No filtering outside of DADA2 default ASV denoising,this_DOI (link to decontamination screening section),this_DOI (paste link when published),,,,1,,dada2pe,not applicable,not applicable,0,0,2,2,2,pseudo,"removeBimeraDenovo, consensus",not applicable,320000,,,,,,,,,,,,,,
109,OME_eDNA_EcoFOCI_2020-2023,ssu18sv8_machida_OSUmod,ssu18sv8_machida_OSUmod_pmel_ome_osu1034_REVAMP,TBD_this_DOI (paste link when published),"Cutadapt, primer trimming | DADA2, filterAndTrim (quality and length trimming)","Cutadapt, -a ""GYGGTGCATGGCCGTTSKTRGTT;required...revcomp_GTGTGYACAAAGGBCAGGGAC;optional"", -A ""GTGTGYACAAAGGBCAGGGAC;required...revcomp_GYGGTGCATGGCCGTTSKTRGTT;optional"", --discard-untrimmed, -m 1 | DADA2, trunQ = 2, trimRight = 100, trimLeft = 0",pheniqs v2.1.0 | Cutadapt v3.4,pheniqs 0 | Cutadapt 0.3,"DADA2, mergePairs",20,100,DADA2,DADA2,expected error rate,2 | 2,"DADA2, removeBimeraDenovo, consensus",not applicable,"DADA2, pool=""pseudo""",100,,reads,DADA2 | decontam_workflow,320000,not applicable,sequence similarity,blastn >2.14.1+,320000,320000,320000,not applicable,,not applicable,,,No filtering outside of DADA2 default ASV denoising,this_DOI (link to decontamination screening section),this_DOI (paste link when published),,,,1,,dada2pe,not applicable,not applicable,0,0,2,2,2,pseudo,"removeBimeraDenovo, consensus",not applicable,320000,,,,,,,,,,,,,,
110,OME_eDNA_EcoFOCI_2020-2023,ssu18sv8_machida_OSUmod,ssu18sv8_machida_OSUmod_pmel_ome_osu1034_Anacapa,TBD_this_DOI (paste link when published),"Cutadapt, primer trimming | DADA2, filterAndTrim (quality and length trimming)","Cutadapt, -a ""GYGGTGCATGGCCGTTSKTRGTT;required...revcomp_GTGTGYACAAAGGBCAGGGAC;optional"", -A ""GTGTGYACAAAGGBCAGGGAC;required...revcomp_GYGGTGCATGGCCGTTSKTRGTT;optional"", --discard-untrimmed, -m 1 | DADA2, trunQ = 2, trimRight = 100, trimLeft = 0",pheniqs v2.1.0 | Cutadapt v3.4,pheniqs 0 | Cutadapt 0.3,"DADA2, mergePairs",20,100,DADA2,DADA2,expected error rate,2 | 2,"DADA2, removeBimeraDenovo, consensus",not applicable,"DADA2, pool=""pseudo""",100,,reads,DADA2 | decontam_workflow,320000,rCRUX-version,probabilistic,,,,,not applicable,,not applicable,,,No filtering outside of DADA2 default ASV denoising,this_DOI (link to decontamination screening section),this_DOI (paste link when published),,,,1,,dada2pe,not applicable,not applicable,0,0,2,2,2,pseudo,"removeBimeraDenovo, consensus",not applicable,320000,,,,,,,,,,,,,,
111,OME_eDNA_EcoFOCI_2020-2023,ssu18sv8_machida_OSUmod,ssu18sv8_machida_OSUmod_pmel_ome_osu1037_REVAMP,TBD_this_DOI (paste link when published),"Cutadapt, primer trimming | DADA2, filterAndTrim (quality and length trimming)","Cutadapt, -a ""GYGGTGCATGGCCGTTSKTRGTT;required...revcomp_GTGTGYACAAAGGBCAGGGAC;optional"", -A ""GTGTGYACAAAGGBCAGGGAC;required...revcomp_GYGGTGCATGGCCGTTSKTRGTT;optional"", --discard-untrimmed, -m 1 | DADA2, trunQ = 2, trimRight = 100, trimLeft = 0",pheniqs v2.1.0 | Cutadapt v3.4,pheniqs 0 | Cutadapt 0.3,"DADA2, mergePairs",20,100,DADA2,DADA2,expected error rate,2 | 2,"DADA2, removeBimeraDenovo, consensus",not applicable,"DADA2, pool=""pseudo""",100,,reads,DADA2 | decontam_workflow,320000,not applicable,sequence similarity,blastn >2.14.1+,320000,320000,320000,not applicable,,not applicable,,,No filtering outside of DADA2 default ASV denoising,this_DOI (link to decontamination screening section),this_DOI (paste link when published),,,,1,,dada2pe,not applicable,not applicable,0,0,2,2,2,pseudo,"removeBimeraDenovo, consensus",not applicable,320000,,,,,,,,,,,,,,
112,OME_eDNA_EcoFOCI_2020-2023,ssu18sv8_machida_OSUmod,ssu18sv8_machida_OSUmod_pmel_ome_osu1037_Anacapa,TBD_this_DOI (paste link when published),"Cutadapt, primer trimming | DADA2, filterAndTrim (quality and length trimming)","Cutadapt, -a ""GYGGTGCATGGCCGTTSKTRGTT;required...revcomp_GTGTGYACAAAGGBCAGGGAC;optional"", -A ""GTGTGYACAAAGGBCAGGGAC;required...revcomp_GYGGTGCATGGCCGTTSKTRGTT;optional"", --discard-untrimmed, -m 1 | DADA2, trunQ = 2, trimRight = 100, trimLeft = 0",pheniqs v2.1.0 | Cutadapt v3.4,pheniqs 0 | Cutadapt 0.3,"DADA2, mergePairs",20,100,DADA2,DADA2,expected error rate,2 | 2,"DADA2, removeBimeraDenovo, consensus",not applicable,"DADA2, pool=""pseudo""",100,,reads,DADA2 | decontam_workflow,320000,rCRUX-version,probabilistic,,,,,not applicable,,not applicable,,,No filtering outside of DADA2 default ASV denoising,this_DOI (link to decontamination screening section),this_DOI (paste link when published),,,,1,,dada2pe,not applicable,not applicable,0,0,2,2,2,pseudo,"removeBimeraDenovo, consensus",not applicable,320000,,,,,,,,,,,,,,
113,OME_eDNA_EcoFOCI_2020-2023,ssu18sv8_machida_OSUmod,ssu18sv8_machida_OSUmod_pmel_ome_osu1089_REVAMP,TBD_this_DOI (paste link when published),"Cutadapt, primer trimming | DADA2, filterAndTrim (quality and length trimming)","Cutadapt, -a ""GYGGTGCATGGCCGTTSKTRGTT;required...revcomp_GTGTGYACAAAGGBCAGGGAC;optional"", -A ""GTGTGYACAAAGGBCAGGGAC;required...revcomp_GYGGTGCATGGCCGTTSKTRGTT;optional"", --discard-untrimmed, -m 1 | DADA2, trunQ = 2, trimRight = 100, trimLeft = 0",pheniqs v2.1.0 | Cutadapt v3.4,pheniqs 0 | Cutadapt 0.3,"DADA2, mergePairs",20,100,DADA2,DADA2,expected error rate,2 | 2,"DADA2, removeBimeraDenovo, consensus",not applicable,"DADA2, pool=""pseudo""",100,,reads,DADA2 | decontam_workflow,320000,not applicable,sequence similarity,blastn >2.14.1+,320000,320000,320000,not applicable,,not applicable,,,No filtering outside of DADA2 default ASV denoising,this_DOI (link to decontamination screening section),this_DOI (paste link when published),,,,1,,dada2pe,not applicable,not applicable,0,0,2,2,2,pseudo,"removeBimeraDenovo, consensus",not applicable,320000,,,,,,,,,,,,,,
114,OME_eDNA_EcoFOCI_2020-2023,ssu18sv8_machida_OSUmod,ssu18sv8_machida_OSUmod_pmel_ome_osu1089_Anacapa,TBD_this_DOI (paste link when published),"Cutadapt, primer trimming | DADA2, filterAndTrim (quality and length trimming)","Cutadapt, -a ""GYGGTGCATGGCCGTTSKTRGTT;required...revcomp_GTGTGYACAAAGGBCAGGGAC;optional"", -A ""GTGTGYACAAAGGBCAGGGAC;required...revcomp_GYGGTGCATGGCCGTTSKTRGTT;optional"", --discard-untrimmed, -m 1 | DADA2, trunQ = 2, trimRight = 100, trimLeft = 0",pheniqs v2.1.0 | Cutadapt v3.4,pheniqs 0 | Cutadapt 0.3,"DADA2, mergePairs",20,100,DADA2,DADA2,expected error rate,2 | 2,"DADA2, removeBimeraDenovo, consensus",not applicable,"DADA2, pool=""pseudo""",100,,reads,DADA2 | decontam_workflow,320000,rCRUX-version,probabilistic,,,,,not applicable,,not applicable,,,No filtering outside of DADA2 default ASV denoising,this_DOI (link to decontamination screening section),this_DOI (paste link when published),,,,1,,dada2pe,not applicable,not applicable,0,0,2,2,2,pseudo,"removeBimeraDenovo, consensus",not applicable,320000,,,,,,,,,,,,,,
115,OME_eDNA_EcoFOCI_2020-2023,ssu18sv8_machida_OSUmod,ssu18sv8_machida_OSUmod_None_REVAMP,TBD_this_DOI (paste link when published),"Cutadapt, primer trimming | DADA2, filterAndTrim (quality and length trimming)","Cutadapt, -a ""GYGGTGCATGGCCGTTSKTRGTT;required...revcomp_GTGTGYACAAAGGBCAGGGAC;optional"", -A ""GTGTGYACAAAGGBCAGGGAC;required...revcomp_GYGGTGCATGGCCGTTSKTRGTT;optional"", --discard-untrimmed, -m 1 | DADA2, trunQ = 2, trimRight = 50, trimLeft = 0",pheniqs v2.1.0 | Cutadapt v3.4,pheniqs 0 | Cutadapt 0.3,"DADA2, mergePairs",20,100,DADA2,DADA2,expected error rate,2 | 2,"DADA2, removeBimeraDenovo, consensus",not applicable,"DADA2, pool=""pseudo""",100,,reads,DADA2 | decontam_workflow,320000,not applicable,sequence similarity,blastn >2.14.1+,320000,320000,320000,not applicable,,not applicable,,,No filtering outside of DADA2 default ASV denoising,this_DOI (link to decontamination screening section),this_DOI (paste link when published),,,,1,,dada2pe,not applicable,not applicable,0,0,2,2,2,pseudo,"removeBimeraDenovo, consensus",not applicable,320000,,,,,,,,,,,,,,
116,OME_eDNA_EcoFOCI_2020-2023,ssu18sv8_machida_OSUmod,ssu18sv8_machida_OSUmod_None_Anacapa,TBD_this_DOI (paste link when published),"Cutadapt, primer trimming | DADA2, filterAndTrim (quality and length trimming)","Cutadapt, -a ""GYGGTGCATGGCCGTTSKTRGTT;required...revcomp_GTGTGYACAAAGGBCAGGGAC;optional"", -A ""GTGTGYACAAAGGBCAGGGAC;required...revcomp_GYGGTGCATGGCCGTTSKTRGTT;optional"", --discard-untrimmed, -m 1 | DADA2, trunQ = 2, trimRight = 50, trimLeft = 0",pheniqs v2.1.0 | Cutadapt v3.4,pheniqs 0 | Cutadapt 0.3,"DADA2, mergePairs",20,100,DADA2,DADA2,expected error rate,2 | 2,"DADA2, removeBimeraDenovo, consensus",not applicable,"DADA2, pool=""pseudo""",100,,reads,DADA2 | decontam_workflow,320000,rCRUX-version,probabilistic,,,,,not applicable,,not applicable,,,No filtering outside of DADA2 default ASV denoising,this_DOI (link to decontamination screening section),this_DOI (paste link when published),,,,1,,dada2pe,not applicable,not applicable,0,0,2,2,2,pseudo,"removeBimeraDenovo, consensus",not applicable,320000,,,,,,,,,,,,,,
117,OME_eDNA_EcoFOCI_2020-2023,ssu18sv8_machida_OSUmod,ssu18sv8_machida_OSUmod_None_REVAMP,TBD_this_DOI (paste link when published),"Cutadapt, primer trimming | DADA2, filterAndTrim (quality and length trimming)","Cutadapt, -a ""GYGGTGCATGGCCGTTSKTRGTT;required...revcomp_GTGTGYACAAAGGBCAGGGAC;optional"", -A ""GTGTGYACAAAGGBCAGGGAC;required...revcomp_GYGGTGCATGGCCGTTSKTRGTT;optional"", --discard-untrimmed, -m 1 | DADA2, trunQ = 2, trimRight = 60, trimLeft = 0",pheniqs v2.1.0 | Cutadapt v3.4,pheniqs 0 | Cutadapt 0.3,"DADA2, mergePairs",20,100,DADA2,DADA2,expected error rate,2 | 2,"DADA2, removeBimeraDenovo, consensus",not applicable,"DADA2, pool=""pseudo""",100,,reads,DADA2 | decontam_workflow,320000,not applicable,sequence similarity,blastn >2.14.1+,320000,320000,320000,not applicable,,not applicable,,,No filtering outside of DADA2 default ASV denoising,this_DOI (link to decontamination screening section),this_DOI (paste link when published),,,,1,,dada2pe,not applicable,not applicable,0,0,2,2,2,pseudo,"removeBimeraDenovo, consensus",not applicable,320000,,,,,,,,,,,,,,
118,OME_eDNA_EcoFOCI_2020-2023,ssu18sv8_machida_OSUmod,ssu18sv8_machida_OSUmod_None_Anacapa,TBD_this_DOI (paste link when published),"Cutadapt, primer trimming | DADA2, filterAndTrim (quality and length trimming)","Cutadapt, -a ""GYGGTGCATGGCCGTTSKTRGTT;required...revcomp_GTGTGYACAAAGGBCAGGGAC;optional"", -A ""GTGTGYACAAAGGBCAGGGAC;required...revcomp_GYGGTGCATGGCCGTTSKTRGTT;optional"", --discard-untrimmed, -m 1 | DADA2, trunQ = 2, trimRight = 60, trimLeft = 0",pheniqs v2.1.0 | Cutadapt v3.4,pheniqs 0 | Cutadapt 0.3,"DADA2, mergePairs",20,100,DADA2,DADA2,expected error rate,2 | 2,"DADA2, removeBimeraDenovo, consensus",not applicable,"DADA2, pool=""pseudo""",100,,reads,DADA2 | decontam_workflow,320000,rCRUX-version,probabilistic,,,,,not applicable,,not applicable,,,No filtering outside of DADA2 default ASV denoising,this_DOI (link to decontamination screening section),this_DOI (paste link when published),,,,1,,dada2pe,not applicable,not applicable,0,0,2,2,2,pseudo,"removeBimeraDenovo, consensus",not applicable,320000,,,,,,,,,,,,,,
119,OME_eDNA_EcoFOCI_2020-2023,ssu18sv8_machida_OSUmod,ssu18sv8_machida_OSUmod_None_REVAMP,TBD_this_DOI (paste link when published),"Cutadapt, primer trimming | DADA2, filterAndTrim (quality and length trimming)","Cutadapt, -a ""GYGGTGCATGGCCGTTSKTRGTT;required...revcomp_GTGTGYACAAAGGBCAGGGAC;optional"", -A ""GTGTGYACAAAGGBCAGGGAC;required...revcomp_GYGGTGCATGGCCGTTSKTRGTT;optional"", --discard-untrimmed, -m 1 | DADA2, trunQ = 2, trimRight = 100, trimLeft = 0",pheniqs v2.1.0 | Cutadapt v3.4,pheniqs 0 | Cutadapt 0.3,"DADA2, mergePairs",20,100,DADA2,DADA2,expected error rate,2 | 2,"DADA2, removeBimeraDenovo, consensus",not applicable,"DADA2, pool=""pseudo""",100,,reads,DADA2 | decontam_workflow,320000,not applicable,sequence similarity,blastn >2.14.1+,320000,320000,320000,not applicable,,not applicable,,,No filtering outside of DADA2 default ASV denoising,this_DOI (link to decontamination screening section),this_DOI (paste link when published),,,,1,,dada2pe,not applicable,not applicable,0,0,2,2,2,pseudo,"removeBimeraDenovo, consensus",not applicable,320000,,,,,,,,,,,,,,
120,OME_eDNA_EcoFOCI_2020-2023,ssu18sv8_machida_OSUmod,ssu18sv8_machida_OSUmod_None_Anacapa,TBD_this_DOI (paste link when published),"Cutadapt, primer trimming | DADA2, filterAndTrim (quality and length trimming)","Cutadapt, -a ""GYGGTGCATGGCCGTTSKTRGTT;required...revcomp_GTGTGYACAAAGGBCAGGGAC;optional"", -A ""GTGTGYACAAAGGBCAGGGAC;required...revcomp_GYGGTGCATGGCCGTTSKTRGTT;optional"", --discard-untrimmed, -m 1 | DADA2, trunQ = 2, trimRight = 100, trimLeft = 0",pheniqs v2.1.0 | Cutadapt v3.4,pheniqs 0 | Cutadapt 0.3,"DADA2, mergePairs",20,100,DADA2,DADA2,expected error rate,2 | 2,"DADA2, removeBimeraDenovo, consensus",not applicable,"DADA2, pool=""pseudo""",100,,reads,DADA2 | decontam_workflow,320000,rCRUX-version,probabilistic,,,,,not applicable,,not applicable,,,No filtering outside of DADA2 default ASV denoising,this_DOI (link to decontamination screening section),this_DOI (paste link when published),,,,1,,dada2pe,not applicable,not applicable,0,0,2,2,2,pseudo,"removeBimeraDenovo, consensus",not applicable,320000,,,,,,,,,,,,,,
121,OME_eDNA_EcoFOCI_2020-2023,ssu18sv8_machida_OSUmod,ssu18sv8_machida_OSUmod_None_REVAMP,TBD_this_DOI (paste link when published),"Cutadapt, primer trimming | DADA2, filterAndTrim (quality and length trimming)","Cutadapt, -a ""GYGGTGCATGGCCGTTSKTRGTT;required...revcomp_GTGTGYACAAAGGBCAGGGAC;optional"", -A ""GTGTGYACAAAGGBCAGGGAC;required...revcomp_GYGGTGCATGGCCGTTSKTRGTT;optional"", --discard-untrimmed, -m 1 | DADA2, trunQ = 2, trimRight = 80, trimLeft = 0",pheniqs v2.1.0 | Cutadapt v3.4,pheniqs 0 | Cutadapt 0.3,"DADA2, mergePairs",20,100,DADA2,DADA2,expected error rate,2 | 2,"DADA2, removeBimeraDenovo, consensus",not applicable,"DADA2, pool=""pseudo""",100,,reads,DADA2 | decontam_workflow,320000,not applicable,sequence similarity,blastn >2.14.1+,320000,320000,320000,not applicable,,not applicable,,,No filtering outside of DADA2 default ASV denoising,this_DOI (link to decontamination screening section),this_DOI (paste link when published),,,,1,,dada2pe,not applicable,not applicable,0,0,2,2,2,pseudo,"removeBimeraDenovo, consensus",not applicable,320000,,,,,,,,,,,,,,
122,OME_eDNA_EcoFOCI_2020-2023,ssu18sv8_machida_OSUmod,ssu18sv8_machida_OSUmod_None_Anacapa,TBD_this_DOI (paste link when published),"Cutadapt, primer trimming | DADA2, filterAndTrim (quality and length trimming)","Cutadapt, -a ""GYGGTGCATGGCCGTTSKTRGTT;required...revcomp_GTGTGYACAAAGGBCAGGGAC;optional"", -A ""GTGTGYACAAAGGBCAGGGAC;required...revcomp_GYGGTGCATGGCCGTTSKTRGTT;optional"", --discard-untrimmed, -m 1 | DADA2, trunQ = 2, trimRight = 80, trimLeft = 0",pheniqs v2.1.0 | Cutadapt v3.4,pheniqs 0 | Cutadapt 0.3,"DADA2, mergePairs",20,100,DADA2,DADA2,expected error rate,2 | 2,"DADA2, removeBimeraDenovo, consensus",not applicable,"DADA2, pool=""pseudo""",100,,reads,DADA2 | decontam_workflow,320000,rCRUX-version,probabilistic,,,,,not applicable,,not applicable,,,No filtering outside of DADA2 default ASV denoising,this_DOI (link to decontamination screening section),this_DOI (paste link when published),,,,1,,dada2pe,not applicable,not applicable,0,0,2,2,2,pseudo,"removeBimeraDenovo, consensus",not applicable,320000,,,,,,,,,,,,,,
124,OME_eDNA_EcoFOCI_2020-2023,ssu18sv9_amaralzettler,ssu18sv9_amaralzettler_pmel_ome_run1_scikit-learn-PR2,TBD_this_DOI (paste link when published),"Cutadapt, primer trimming | DADA2, filterAndTrim (quality and length trimming)","Cutadapt, -a ""TTGTACACACCGCCC;required...revcomp_CCTTCYGCAGGTTCACCTAC;optional"", -A ""CCTTCYGCAGGTTCACCTAC;required...revcomp_TTGTACACACCGCCC;optional"", --discard-untrimmed, -m 1 | DADA2, trunQ = 2, trimRight = 50, trimLeft = 0",pheniqs v2.1.0 | Cutadapt v3.4,pheniqs 0 | Cutadapt 0.3,"DADA2, mergePairs",20,60,DADA2,DADA2,expected error rate,2 | 2,"DADA2, removeBimeraDenovo, consensus",not applicable,"DADA2, pool=""pseudo""",100,,reads,DADA2 | decontam_workflow,32000,not applicable,probabilistic,,,,,not applicable,,not applicable,,,No filtering outside of DADA2 default ASV denoising,this_DOI (link to decontamination screening section),this_DOI (paste link when published),,,,1,,dada2pe,not applicable,not applicable,0,0,2,2,2,pseudo,"removeBimeraDenovo, consensus",not applicable,32000,,,,,,,,,,,,,,
126,OME_eDNA_EcoFOCI_2020-2023,ssu18sv9_amaralzettler,ssu18sv9_amaralzettler_pmel_ome_run2_scikit-learn-PR2,TBD_this_DOI (paste link when published),"Cutadapt, primer trimming | DADA2, filterAndTrim (quality and length trimming)","Cutadapt, -a ""TTGTACACACCGCCC;required...revcomp_CCTTCYGCAGGTTCACCTAC;optional"", -A ""CCTTCYGCAGGTTCACCTAC;required...revcomp_TTGTACACACCGCCC;optional"", --discard-untrimmed, -m 1 | DADA2, trunQ = 2, trimRight = 50, trimLeft = 0",pheniqs v2.1.0 | Cutadapt v3.4,pheniqs 0 | Cutadapt 0.3,"DADA2, mergePairs",20,60,DADA2,DADA2,expected error rate,2 | 2,"DADA2, removeBimeraDenovo, consensus",not applicable,"DADA2, pool=""pseudo""",100,,reads,DADA2 | decontam_workflow,320000,not applicable,probabilistic,,,,,not applicable,,not applicable,,,No filtering outside of DADA2 default ASV denoising,this_DOI (link to decontamination screening section),this_DOI (paste link when published),,,,1,,dada2pe,not applicable,not applicable,0,0,2,2,2,pseudo,"removeBimeraDenovo, consensus",not applicable,320000,,,,,,,,,,,,,,
128,OME_eDNA_EcoFOCI_2020-2023,ssu18sv9_amaralzettler,ssu18sv9_amaralzettler_pmel_ome_run3_scikit-learn-PR2,TBD_this_DOI (paste link when published),"Cutadapt, primer trimming | DADA2, filterAndTrim (quality and length trimming)","Cutadapt, -a ""TTGTACACACCGCCC;required...revcomp_CCTTCYGCAGGTTCACCTAC;optional"", -A ""CCTTCYGCAGGTTCACCTAC;required...revcomp_TTGTACACACCGCCC;optional"", --discard-untrimmed, -m 1 | DADA2, trunQ = 2, trimRight = 50, trimLeft = 0",pheniqs v2.1.0 | Cutadapt v3.4,pheniqs 0 | Cutadapt 0.3,"DADA2, mergePairs",20,60,DADA2,DADA2,expected error rate,2 | 2,"DADA2, removeBimeraDenovo, consensus",not applicable,"DADA2, pool=""pseudo""",100,,reads,DADA2 | decontam_workflow,320000,not applicable,probabilistic,,,,,not applicable,,not applicable,,,No filtering outside of DADA2 default ASV denoising,this_DOI (link to decontamination screening section),this_DOI (paste link when published),,,,1,,dada2pe,not applicable,not applicable,0,0,2,2,2,pseudo,"removeBimeraDenovo, consensus",not applicable,320000,,,,,,,,,,,,,,
130,OME_eDNA_EcoFOCI_2020-2023,ssu18sv9_amaralzettler,ssu18sv9_amaralzettler_pmel_ome_run5_scikit-learn-PR2,TBD_this_DOI (paste link when published),"Cutadapt, primer trimming | DADA2, filterAndTrim (quality and length trimming)","Cutadapt, -a ""TTGTACACACCGCCC;required...revcomp_CCTTCYGCAGGTTCACCTAC;optional"", -A ""CCTTCYGCAGGTTCACCTAC;required...revcomp_TTGTACACACCGCCC;optional"", --discard-untrimmed, -m 1 | DADA2, trunQ = 2, trimRight = 50, trimLeft = 0",pheniqs v2.1.0 | Cutadapt v3.4,pheniqs 0 | Cutadapt 0.3,"DADA2, mergePairs",20,60,DADA2,DADA2,expected error rate,2 | 2,"DADA2, removeBimeraDenovo, consensus",not applicable,"DADA2, pool=""pseudo""",100,,reads,DADA2 | decontam_workflow,320000,not applicable,probabilistic,,,,,not applicable,,not applicable,,,No filtering outside of DADA2 default ASV denoising,this_DOI (link to decontamination screening section),this_DOI (paste link when published),,,,1,,dada2pe,not applicable,not applicable,0,0,2,2,2,pseudo,"removeBimeraDenovo, consensus",not applicable,320000,,,,,,,,,,,,,,
